Line,Type,Word
1,LOCATION,İstanbul
1,TIME,Aralık
2,PERSON,Şenlik
2,PERSON,Tek
3,PERSON,Şenlik
4,ORGANIZATION,Kültür Sitesi
5,PERSON,Anadolu
6,PERSON,Şenlik
6,PERSON,Ekim
6,TIME,0212
6,TIME,Ekim
8,LOCATION,Altın
9,TIME,güz
10,LOCATION,Allen
10,LOCATION,Stanley
11,TIME,güz
14,LOCATION,Kara
14,LOCATION,İran
14,LOCATION,Garcia
14,LOCATION,Yeni
14,LOCATION,Almanya
14,LOCATION,Fransa
14,LOCATION,Portekiz
14,TIME,Sonbahar
14,TIME,bahar
15,PERSON,Aslan
16,LOCATION,Ferrara
16,LOCATION,Warren
16,LOCATION,Atlantik
17,LOCATION,Altın
17,LOCATION,Tucker
18,LOCATION,İstanbul
18,LOCATION,Ankara
18,LOCATION,Adana
18,TIME,21 Ekim
18,TIME,Ekim
19,LOCATION,İstanbul
20,LOCATION,Roscoe
20,LOCATION,Mitchell
20,LOCATION,İstanbul
20,LOCATION,Aydın
21,LOCATION,Aydın
21,LOCATION,Ankara
21,TIME,19 Ekim
21,TIME,Ekim
22,PERSON,İlhan Erşahin Trio
22,LOCATION,Adana
23,LOCATION,İstanbul
23,LOCATION,Ankara
24,PERSON,Tamer HEPER
27,LOCATION,Ancak
30,LOCATION,İstanbul
38,PERSON,Altan ÖYMEN
40,TIME,1950
41,PERSON,Pek
42,PERSON,Hakim
44,PERSON,Hakim
47,LOCATION,Çoğu
49,TIME,yaz
52,LOCATION,Türkiye
55,PERSON,Yargı
62,LOCATION,Ankara
62,ORGANIZATION,Yargıtay
63,ORGANIZATION,Yargıtay
65,ORGANIZATION,YARGITAY
70,PERSON,Ahmet Yorulmaz
71,LOCATION,Herkül
71,TIME,1904
71,TIME,yaz
72,PERSON,Atatürk Araştırma Merkezi
72,LOCATION,Cumhuriyet
73,PERSON,Halis Komili
73,TIME,yaz
74,LOCATION,Türkiye
75,PERSON,Cem Boyner
76,TIME,yaz
77,LOCATION,Türkiye
80,PERSON,Kursları
81,PERSON,Ayla Erduran
81,TIME,yaz
82,TIME,yaz
83,PERSON,Çağdaş Yaşamı Destekleme Derneği
83,TIME,Yaz
84,LOCATION,Ayvalık Belediyesi
85,PERSON,Ahmet Tüfekçi
86,PERSON,Ecevit
86,LOCATION,Menderes
90,TIME,yaz
91,PERSON,Atatürk
95,TIME,yaz
97,PERSON,Ertuğrul Özkök
100,TIME,yaz
101,TIME,yaz
102,TIME,yaz
110,LOCATION,Serdar
111,LOCATION,Hakkari
114,TIME,yaz
117,PERSON,İçim
120,LOCATION,Serdar
120,TIME,yaz
121,PERSON,Nazım Alpman
123,PERSON,Ayşe
123,LOCATION,Ağrı
125,TIME,güz
130,LOCATION,Eylül
130,TIME,12 Eylül
130,TIME,Eylül
131,LOCATION,Eylül
131,LOCATION,Cumhuriyet
131,TIME,12 Eylül
131,TIME,Eylül
132,LOCATION,Eylül
132,LOCATION,Cumhuriyet
132,TIME,12 Eylül
132,TIME,Eylül
138,LOCATION,Eylül
138,TIME,12 Eylül
138,TIME,Eylül
140,LOCATION,Eylül
140,TIME,12 Eylül
140,TIME,Eylül
142,TIME,eylül
147,LOCATION,Adalet
150,PERSON,Devlet
152,TIME,12 Eylüllerde
152,TIME,Eylül
153,PERSON,Batı
153,LOCATION,Türkiye
153,LOCATION,Yunanistan
153,LOCATION,Eylül
153,TIME,12 Eylül
153,TIME,Eylül
156,LOCATION,Türkiye
156,LOCATION,Eylül
156,TIME,12 Eylül
156,TIME,Eylül
159,LOCATION,Cumhuriyet
160,TIME,kış
162,LOCATION,Adam
163,PERSON,Kadın
163,TIME,kış
163,TIME,pazardan
164,TIME,kış
165,PERSON,Mesut Yılmaz
165,TIME,kış
167,PERSON,Mesut Yılmaz
168,PERSON,Tansu Çiller
168,LOCATION,İstanbul
169,LOCATION,Paris
170,LOCATION,Paris
170,LOCATION,RUSYA
170,LOCATION,Fransa
171,TIME,Mart
171,TIME,1 Mart 1815
171,TIME,1 Mart
171,TIME,Mart 1815 
171,TIME,1815
173,LOCATION,Paris
175,LOCATION,Paris
175,LOCATION,Fransa
177,LOCATION,Paris
179,LOCATION,Paris
180,LOCATION,Paris
183,LOCATION,Hoş
183,LOCATION,Paris
184,LOCATION,Paris
185,PERSON,Hanım
186,TIME,1989
186,TIME,yaz
193,PERSON,Refah Partisi
196,TIME,kış
197,PERSON,Yılmaz
199,PERSON,Fazilet Partesi
220,PERSON,Fikret Bila
222,PERSON,Mesut Yılmaz
222,TIME,28 Şubat
222,TIME,Şubat
224,LOCATION,Türkiye
225,LOCATION,Türkiye
225,TIME,1960
226,TIME,yaz
227,LOCATION,Princeton
227,TIME,1966
233,LOCATION,Elizabeth
236,PERSON,Ulusal Sosyoloji Kongresi
239,LOCATION,Kaş
243,PERSON,Mesut Yılma
249,PERSON,Deniz Baykal
251,PERSON,Deniz
252,LOCATION,King
252,LOCATION,Martin
252,TIME,Mart
260,LOCATION,Ordu
260,LOCATION,İzmir
260,TIME,mart
260,TIME,Cumartesi
271,PERSON,Mesut
272,PERSON,Mesut Yılmaz
273,LOCATION,İstanbul
274,PERSON,Mesut
277,PERSON,Kemal Alemdaroğlu
277,LOCATION,İstanbul
277,ORGANIZATION,İstanbul Üniversitesi
278,PERSON,Doğru
279,TIME,kış
280,LOCATION,Anayasa
282,PERSON,Pek
285,PERSON,Mesut Yılmaz
285,TIME,kış
287,PERSON,Güner
287,PERSON,Agah Oktay Güner
288,TIME,kış
289,ORGANIZATION,TBMM
290,PERSON,Mesut
291,PERSON,Mesut
293,PERSON,Refah Partisi
293,LOCATION,Anayasa
293,TIME,kış
295,PERSON,Mesut
297,PERSON,Oy
298,LOCATION,Üniversite
298,LOCATION,Ancak
298,LOCATION,Cumhuriyet
298,ORGANIZATION,TBMM
301,LOCATION,ABD
302,LOCATION,Yarın
303,LOCATION,Yarın
303,TIME,ekim
306,PERSON,Koca Reis
309,PERSON,Koca Reis
309,LOCATION,Yarın
310,PERSON,Reis
311,PERSON,Karamürsel
312,PERSON,Maksut Çavdar
312,LOCATION,Zonguldak
312,LOCATION,Çavdar
312,TIME,cuma
313,PERSON,Atatürk
314,LOCATION,Ancak
314,TIME,yaz
316,TIME,kış
317,LOCATION,RUSYA
318,LOCATION,Duma
319,LOCATION,Duma
319,LOCATION,Moskova
320,LOCATION,Anayasa
322,LOCATION,Duma
326,LOCATION,Rusya
327,LOCATION,Duma
328,LOCATION,Rusya
331,LOCATION,İstanbul
331,LOCATION,Ekonomik İlişkiler 
331,LOCATION,Rusya
332,PERSON,Ali İhsan Ahıskalıoğlu
332,LOCATION,Rusya
333,LOCATION,Rusya
335,PERSON,Yılmaz
336,TIME,pazarlamak
337,LOCATION,Rusya
338,LOCATION,Rusya
339,PERSON,Devlet Bakanı
339,PERSON,Güneş Taner
340,LOCATION,Rusya
341,LOCATION,Türkiye
342,LOCATION,Ancak
344,LOCATION,Yeni
345,LOCATION,Rusya
346,LOCATION,ABD
346,LOCATION,Rusya
348,LOCATION,Rusya
350,LOCATION,Almanya
351,LOCATION,Almanya
354,LOCATION,Türkiye
354,LOCATION,Almanya
355,LOCATION,Almanya
356,LOCATION,Almanya
358,PERSON,Demirel
358,LOCATION,Almanya
360,LOCATION,Almanya
363,LOCATION,Türkiye
364,PERSON,Özenli
365,LOCATION,Almanya
367,LOCATION,Türkiye
368,PERSON,Mesut Yılmaz
368,TIME,yaz
369,PERSON,Yılmaz
370,LOCATION,Almanya
371,PERSON,Mesut
372,LOCATION,Almanya
373,PERSON,Zengin
374,LOCATION,Rusya
376,PERSON,Mesut
378,LOCATION,Almanya
378,LOCATION,Irak
379,LOCATION,Körfez
380,LOCATION,Türkiye
381,PERSON,Batı
384,PERSON,Demirel
386,LOCATION,Türkiye
386,LOCATION,Almanya
390,LOCATION,Almanya
392,LOCATION,Türkiye
392,LOCATION,Almanya
393,LOCATION,Türkiye
393,LOCATION,Almanya
394,TIME,Nisan
394,TIME,18 Nisan 1999
394,TIME,1999
394,TIME,18 Nisan
394,TIME,Nisan 1999 
401,LOCATION,Ancak
413,LOCATION,Ancak
415,PERSON,Balkan Yazarlar Kongresi
415,PERSON,A
415,TIME,Yaz
417,TIME,yaz
418,PERSON,Çağdaş
418,TIME,yaz
419,PERSON,Sait Faik
419,TIME,yaz
420,PERSON,Can Çekişen Kitap
423,LOCATION,Genç
424,TIME,yaz
425,PERSON,Çağlayan Yayınları
426,PERSON,Refik Erduran
427,PERSON,Çağlayan
429,PERSON,Kemal Tahir
430,PERSON,Demirtaş Ceyhun
430,LOCATION,Fransa
431,TIME,yaz
431,TIME,1983
436,PERSON,Demirtaş Ceyhun
439,TIME,pazarlıyor
440,LOCATION,Türkiye
440,TIME,yaz
441,PERSON,Necati Cumalı
441,TIME,Cumalı
443,PERSON,Necati Cumalı
443,TIME,Cumalı
444,PERSON,Necati
445,PERSON,Ceyhun
446,TIME,yaz
448,PERSON,Demirtaş Ceyhun
448,TIME,yaz
451,LOCATION,Türkiye
451,LOCATION,Almanya
452,LOCATION,Almanya
455,LOCATION,Türkiye
455,LOCATION,Almanya
455,TIME,kış
457,LOCATION,Frankfurt
459,LOCATION,Fransa
460,PERSON,Yurt
460,LOCATION,Almanya
462,LOCATION,Eylül
462,TIME,27 Eylül
462,TIME,Eylül
464,LOCATION,Çoğu
464,LOCATION,Ancak
464,LOCATION,Almanya
464,LOCATION,Fransa
464,LOCATION,İsviçre
469,LOCATION,Ancak
471,LOCATION,Ankara
472,LOCATION,Ankara
472,LOCATION,Almanya
472,LOCATION,Yarın
475,TIME,yaz
479,PERSON,Abdullah Gül
479,LOCATION,Gül
479,TIME,yaz
482,PERSON,Aziz Mahçub
482,TIME,yaz
483,LOCATION,Mısır
483,LOCATION,Makale
484,PERSON,Yazar
484,PERSON,Nehir
484,LOCATION,Arap
484,TIME,Yaz
489,PERSON,Nil
489,LOCATION,Arap
493,LOCATION,Kuran
494,PERSON,Muhammed
496,PERSON,Kadın
499,PERSON,Nehir
499,LOCATION,Arap
500,TIME,kış
501,LOCATION,İsrail
501,TIME,1967
502,PERSON,Nehir
502,LOCATION,Arap
502,TIME,yaz
505,PERSON,Aziz Mahçub
505,TIME,salık
506,PERSON,Ali
507,TIME,7. yüzyıldayız
509,PERSON,Muhammed
511,PERSON,Nil
511,LOCATION,Cumhuriyet
512,PERSON,Abdullah Gül
512,LOCATION,Gül
514,LOCATION,Türkiye
515,LOCATION,Türkiye
517,PERSON,Naki ÖZKAN
518,LOCATION,Türkiye
518,LOCATION,Almanya
519,LOCATION,Türkiye
519,LOCATION,Bonn
519,LOCATION,Almanya
520,PERSON,Naki Özkan
520,LOCATION,Türkiye
520,LOCATION,Almanya
521,LOCATION,Türkiye
521,LOCATION,Bonn
521,LOCATION,Almanya
522,TIME,yaz
526,LOCATION,Türkiye
527,LOCATION,Ancak
528,LOCATION,Almanya
528,TIME,2015
530,TIME,2015
532,LOCATION,Türkiye
533,LOCATION,Türkiye
534,LOCATION,Türkiye
535,LOCATION,Türkiye
536,LOCATION,Türkiye
536,LOCATION,Ancak
536,LOCATION,Brüksel
536,LOCATION,Aynı
536,TIME,güz
538,LOCATION,Türkiye
539,LOCATION,Türkiye
540,LOCATION,Türkiye
542,LOCATION,Türkiye
543,PERSON,Volkan Vural
543,LOCATION,Türkiye
543,LOCATION,Ankara
543,TIME,1995
545,LOCATION,Türkiye
545,TIME,1950
546,LOCATION,Türkiye
547,LOCATION,Brüksel
549,LOCATION,Almanya
550,LOCATION,Almanya
551,PERSON,Doğu
552,LOCATION,Türkiye
554,LOCATION,Almanya
554,TIME,1944
555,PERSON,Kuzey Vestfalya
555,LOCATION,Bonn
555,LOCATION,Vestfalya
555,LOCATION,Çin
557,LOCATION,Almanya
558,LOCATION,Türkiye
558,LOCATION,Almanya
559,LOCATION,Türkiye
559,LOCATION,Almanya
560,LOCATION,Türkiye
560,LOCATION,Almanya
561,LOCATION,Türkiye
561,LOCATION,Ancak
561,LOCATION,Hayır
562,LOCATION,Türkiye
562,LOCATION,Almanya
563,LOCATION,Malatya
563,LOCATION,Kayseri
564,PERSON,İhsan Çukur
564,LOCATION,İstanbul
565,TIME,kış
567,PERSON,Hüseyin Dalkılıç
567,PERSON,Adil Gezgin
567,PERSON,Ali Karakaya
567,LOCATION,İran
568,PERSON,Gezgin
568,TIME,2952
568,TIME,2584
568,TIME,295225848
569,TIME,kış
571,LOCATION,Çoğu
572,PERSON,Nurdan AKINER
573,PERSON,Kerim Fizzi
573,PERSON,Ailesi
573,LOCATION,İran
573,TIME,6 Kasım
573,TIME,Kasım
574,LOCATION,Danimarka
575,PERSON,Kerim Fizzi
575,PERSON,Kerim Desing
575,LOCATION,Danimarka
575,LOCATION,İstanbul
575,LOCATION,Rumeli Caddesi
575,TIME,1996
575,TIME,Nisan
575,TIME,1998
575,TIME,Nisan 1998 
576,PERSON,Kerim Fizzi
576,PERSON,Cavidan Kutlu
576,LOCATION,Türkiye
576,LOCATION,İran
578,PERSON,Birsen ALTUNTAŞ
580,PERSON,Fatih Aksoy
581,PERSON,Ödül
583,PERSON,Selvi Boylum
583,PERSON,Kadir İnanır
583,LOCATION,Sultan
583,TIME,Yaz
584,PERSON,Akyüz
586,PERSON,Önay YILMAZ
588,TIME,1960
589,ORGANIZATION,Amerikan Sualtı Araştırmaları Enstitüsü
590,PERSON,Nergis Günsenin
590,LOCATION,İstanbul
590,ORGANIZATION,İstanbul Üniversitesi
590,TIME,13. yüzyıla
592,PERSON,Dünya
592,PERSON,Günsenin
592,TIME,13. yüzyıla
593,LOCATION,ABD
594,LOCATION,Balıkesir
595,PERSON,Bülent Ecevit
595,PERSON,Deniz Baykal
596,PERSON,Ecevit
596,LOCATION,Türkiye
597,PERSON,Muammer Kaddafi
597,LOCATION,Libya
598,PERSON,Süleyman Demirel
599,PERSON,Sevgi Özel Sağlık Hizmetleri
599,ORGANIZATION,Sevgi Hastanesi
600,PERSON,Demirel
600,PERSON,Kahraman
600,LOCATION,Türkiye
601,PERSON,Demirel
602,PERSON,Yasin Hatipoğlu
602,PERSON,Güven Erkaya
602,PERSON,Mehmetçik Vakfı
602,ORGANIZATION,Mehmetçik Vakfı
603,PERSON,Asliye Hukuk Mahkemesi
603,LOCATION,Ankara
603,TIME,2 Temmuz
603,TIME,Temmuz 1997 
603,TIME,Temmuz
603,TIME,2 Temmuz 1997
603,TIME,1997
604,PERSON,Erkaya
604,TIME,7 Mart 1997
604,TIME,Mart
604,TIME,Mart 1997 
604,TIME,7 Mart
604,TIME,1997
605,PERSON,Bir
605,PERSON,Çevik Bir
605,TIME,güz
606,PERSON,Mesut Yılmaz
606,PERSON,Recai Kutan
607,LOCATION,Aksu
607,LOCATION,Ankara
607,LOCATION,Büyükşehir Belediye 
607,TIME,kış
607,TIME,cuma
608,PERSON,Yılmaz
608,PERSON,Kutan
608,PERSON,Arzu
609,PERSON,Yardımcısı
609,LOCATION,Aksu
610,PERSON,Mesut Yılmaz
610,PERSON,Bülent Ecevit
611,PERSON,Salim Uslu
611,LOCATION,Türkiye
611,LOCATION,Eylül
611,TIME,12 Eylül
611,TIME,Eylül
611,TIME,1982
612,PERSON,İdil TÜTÜNCÜ
612,PERSON,Can HACIOĞLU
612,LOCATION,SİMAV
613,PERSON,Tansu Çiller
615,TIME,yaz
616,PERSON,Bülent Ecevit
617,PERSON,Dünya Gençler Tekvando Şampiyonası
618,PERSON,Abdi İpekçi Spor Salonu
619,PERSON,Halime Yalçın
619,PERSON,Ali Maraş
619,PERSON,Ahmet Sevinç
621,PERSON,Dünya Serbet Güreş Şampiyonası
621,LOCATION,Tahran
621,LOCATION,İRAN
623,PERSON,Harun Doğan
624,PERSON,Harun
627,LOCATION,Ancak
629,PERSON,Harun Doğan
629,LOCATION,Ancak
630,LOCATION,Türkiye
631,PERSON,Dünya
632,LOCATION,Aydın
633,LOCATION,Ancak
634,PERSON,Dünya Şampiyonası
634,LOCATION,Tahran
634,LOCATION,İstanbul
634,LOCATION,İran
634,TIME,05.30
635,PERSON,Fevzi AKSOY
637,PERSON,Dünya Karması
637,LOCATION,Türkiye
637,LOCATION,Yalnız
637,LOCATION,Aynı
639,LOCATION,İSTANBUL
643,LOCATION,Aynı
653,LOCATION,İtalya
654,ORGANIZATION,Atıcılık Federasyonu
656,LOCATION,Türkiye
659,ORGANIZATION,Sualtı Sporları Federasyonu
659,TIME,kış
660,PERSON,Ekim
660,TIME,9 Ekim
660,TIME,Ekim
661,PERSON,Gelin
662,PERSON,Harun Sevinç
667,PERSON,Dünya Zıpkınla Balık Avlama Şampiyonası
667,LOCATION,Hırvatistan
673,TIME,1998
674,PERSON,Ayhan Şahenk Salonu
674,TIME,16.00
675,LOCATION,Ankara
675,TIME,18.15
676,LOCATION,Konya
676,LOCATION,Aydın
676,LOCATION,Bursa
676,LOCATION,İzmir
676,LOCATION,Ankara
676,LOCATION,Kuşadası
676,TIME,16.00
676,TIME,16.15
676,TIME,17.00
677,PERSON,Zeki ÇOL
689,LOCATION,İlaç
693,TIME,yaz
694,PERSON,Sergen
696,LOCATION,Ancak
698,LOCATION,Orta
698,TIME,cuma
699,TIME,cuma
701,PERSON,Saffet
704,LOCATION,Campbell
705,PERSON,Sergen
711,LOCATION,Orta
715,PERSON,Ergun ATA
716,LOCATION,Campbell
719,PERSON,Mehmet Zengin
720,LOCATION,Campbell
721,TIME,yaz
722,PERSON,Emre
723,LOCATION,Ancak
723,LOCATION,Campbell
724,PERSON,Dünya
727,PERSON,Feti
727,PERSON,Abdullah
728,PERSON,Saffet
730,PERSON,Saffet
730,TIME,ekim
731,PERSON,Saffet
731,PERSON,Sergen
733,PERSON,Saffet
734,LOCATION,Campbell
735,PERSON,Hadi
736,PERSON,Seyit Cem
737,LOCATION,Trabzon
739,LOCATION,İstanbul
739,LOCATION,Kemer
740,LOCATION,Country Club
740,LOCATION,Kemer
741,LOCATION,İstanbul
742,LOCATION,Türkiye
743,LOCATION,Parma
743,LOCATION,Karabük
745,LOCATION,Parma
746,LOCATION,Parma
747,LOCATION,Karabük
748,LOCATION,Parma
749,LOCATION,Parma
750,PERSON,Rakip
751,LOCATION,Vicenza
751,LOCATION,Parma
751,LOCATION,İtalya
752,PERSON,Zafer ARAPKİRLİ
752,LOCATION,LONDRA
756,PERSON,Tek
758,LOCATION,FRANSA
758,LOCATION,Georgina
758,TIME,99 Şubat
758,TIME,1999
758,TIME,1984
758,TIME,1985
758,TIME,Şubat
761,LOCATION,Fransa
762,ORGANIZATION,Kan Bankası
763,LOCATION,ABD
763,LOCATION,Beyaz Saray
763,LOCATION,Clinton
763,TIME,yaz
764,LOCATION,Clinton
765,PERSON,Yardımcısı
765,LOCATION,Gore
765,LOCATION,ABD
765,LOCATION,Clinton
765,TIME,güz
766,LOCATION,Clinton
766,TIME,kış
767,LOCATION,Tanrı
767,LOCATION,Clinton
767,TIME,kış
768,LOCATION,Clinton
768,TIME,kış
771,LOCATION,Fransa
773,LOCATION,ABD
773,TIME,kış
774,PERSON,Azadi
774,LOCATION,Tahran
774,LOCATION,İran
774,LOCATION,ABD
776,LOCATION,İran
776,LOCATION,ABD
776,TIME,1979
777,TIME,21. yüzyıla
779,LOCATION,Pire
781,LOCATION,Vera
782,LOCATION,Vera
784,TIME,19 Şubat 1982
784,TIME,1982
784,TIME,Şubat 1982 
784,TIME,19 Şubat
784,TIME,Şubat
787,TIME,1982
788,PERSON,Bülent Tanla
792,PERSON,Bedri
800,PERSON,Cüneyt Arcayürek
800,LOCATION,Ankara
806,LOCATION,Türkiye
811,PERSON,Güney Amerika
812,LOCATION,Türkiye
813,LOCATION,Türkiye
822,PERSON,İsmail Cem
823,TIME,yaz
825,PERSON,Tugay Bayatlı
825,PERSON,Melih Aşık
825,PERSON,Bedri Koraman
825,PERSON,Burçak Evren
826,PERSON,Uğur Dündar
826,LOCATION,Kanal
829,TIME,1998
830,PERSON,Tanla
831,TIME,yaz
832,LOCATION,Cumhuriyet
836,PERSON,Dede
839,LOCATION,Türkiye
839,LOCATION,Cumhuriyet
841,LOCATION,Türkiye
843,PERSON,Aile
843,LOCATION,Kuran
844,PERSON,Çağdaş
845,PERSON,Bilgi
852,PERSON,Sağlam
854,PERSON,Yeter
855,PERSON,Samimi
857,PERSON,Baykal
860,PERSON,Can TÜZÜNER
860,LOCATION,Londra
864,PERSON,Artık
865,ORGANIZATION,Microsoft
866,PERSON,Kuzey Londra
866,LOCATION,Londra
868,PERSON,Artık
870,TIME,0212
870,TIME,21. yüzyıl
874,LOCATION,Şili
879,ORGANIZATION,Microsoft
886,LOCATION,Star
888,TIME,5.0
892,PERSON,Sanal
893,PERSON,Tek
898,PERSON,Mekiğine
898,PERSON,Uzay Mekiğine
900,PERSON,Ayda
904,LOCATION,Beyaz Saray
904,TIME,yaz
905,PERSON,Ayda
910,PERSON,Güneş
911,PERSON,Kaptan
921,PERSON,Akıllı
921,TIME,yaz
927,PERSON,Sahra
930,LOCATION,Jupiter
931,LOCATION,Erkek
936,TIME,yaz
939,ORGANIZATION,Microsoft
939,ORGANIZATION,Sony
941,PERSON,Nuh
941,LOCATION,Columbia
945,TIME,haziran
947,LOCATION,Clinton
950,TIME,2020
953,LOCATION,Clinton
959,LOCATION,Türkiye
959,ORGANIZATION,Intel
960,TIME,3400
961,PERSON,Kaptan
965,ORGANIZATION,Microsoft
967,LOCATION,Cumhuriyet
969,ORGANIZATION,Intel
970,PERSON,Mir
973,ORGANIZATION,Microsoft
973,TIME,eylül
974,PERSON,Sanal
976,TIME,2000
978,PERSON,Kaptan
996,PERSON,Kaptan
1001,PERSON,Uzay
1006,PERSON,Dünya
1010,PERSON,Sanal
1015,LOCATION,İRAN
1016,LOCATION,İran
1016,LOCATION,Afganistan
1017,LOCATION,Kara
1018,PERSON,Zülfikar
1018,LOCATION,Afganistan
1019,LOCATION,Eylül
1019,TIME,Eylül
1020,PERSON,Suudi Arabistan
1020,LOCATION,Pakistan
1020,LOCATION,Suudi Arabistan
1020,LOCATION,İran
1020,LOCATION,ABD
1022,LOCATION,Tahran
1023,PERSON,Ahmed Muttavekil
1023,LOCATION,Kandahar
1024,LOCATION,İran
1025,LOCATION,İran
1026,LOCATION,BONN
1027,LOCATION,Almanya
1028,LOCATION,Almanya
1030,LOCATION,Merkez
1030,TIME,güz
1030,TIME,ekim
1031,LOCATION,Brezilya
1031,LOCATION,ABD
1031,LOCATION,RUSYA
1031,LOCATION,Clinton
1032,LOCATION,York
1032,LOCATION,Merkez
1032,LOCATION,ABD
1032,ORGANIZATION,ABD Merkez Bankası
1032,TIME,Pazartesi
1034,TIME,kış
1034,TIME,salı
1035,LOCATION,Ancak
1035,TIME,perşembe
1035,TIME,15.54
1036,TIME,95.50
1036,TIME,Cuma
1037,LOCATION,Tokyo
1037,TIME,kış
1038,LOCATION,Tokyo
1038,TIME,5.32
1039,LOCATION,Fuji
1039,LOCATION,Japonya
1039,LOCATION,Ancak
1039,TIME,Salı
1040,LOCATION,Japonya
1040,TIME,16.98
1040,TIME,5.11
1040,TIME,Cuma
1041,TIME,0.9
1042,TIME,3.06
1045,TIME,11.72
1047,TIME,16 Haziran
1047,TIME,Haziran
1048,LOCATION,ABD
1048,LOCATION,Clinton
1048,LOCATION,Rusya
1051,LOCATION,Ancak
1053,LOCATION,Parma
1054,PERSON,Murat
1054,PERSON,Metin
1055,LOCATION,Karabük
1058,PERSON,Metin Diyadin
1058,PERSON,Murat Yakın
1059,PERSON,Sedat
1059,LOCATION,Karabük
1060,PERSON,Hayati
1067,TIME,kış
1068,LOCATION,Orta
1069,PERSON,Nefis
1077,PERSON,Zaman
1080,PERSON,Gün
1084,LOCATION,Karabük
1087,LOCATION,Orta
1098,PERSON,İlhami Kaplan
1098,PERSON,Metin Suyabakan
1098,PERSON,Bülent Bozdoğan
1099,PERSON,Murat Şahin
1099,PERSON,Murat Yakın
1100,PERSON,Kemalettin
1100,PERSON,Taner
1100,PERSON,Serkan
1100,LOCATION,Oğuz
1101,PERSON,Enver
1101,PERSON,Halim
1101,PERSON,İbrahim
1101,PERSON,Erdoğan
1101,PERSON,Şevki
1101,PERSON,İzzet
1101,PERSON,Gürkan
1101,PERSON,Sedat
1101,PERSON,İlkan
1101,PERSON,Hayati
1101,PERSON,Tayfun
1101,PERSON,Tahir
1101,PERSON,Seyit
1102,PERSON,Zafer
1102,PERSON,Yahya
1102,PERSON,Serkan
1102,PERSON,Cihan
1103,PERSON,Murat Yakın
1103,LOCATION,SARI
1104,LOCATION,ANKARA
1105,LOCATION,Eylül
1105,LOCATION,Ankara
1105,TIME,12 Eylül
1105,TIME,Eylül
1106,PERSON,Evren
1107,LOCATION,Eylül
1107,TIME,10 Eylül
1107,TIME,Eylül
1107,TIME,yaz
1108,PERSON,Evren
1111,PERSON,Evren
1112,LOCATION,Belçika
1113,PERSON,Alaattin Çakıcı
1114,PERSON,Alaattin Çakıcı
1114,LOCATION,Ağustos
1114,LOCATION,Eylül
1114,LOCATION,Belçika
1114,TIME,Ağustos
1114,TIME,1 Eylül
1114,TIME,08.00
1114,TIME,31 Ağustos
1114,TIME,Eylül
1114,TIME,21.00
1115,PERSON,Osman Van
1115,LOCATION,Belçika
1115,LOCATION,Liege
1115,TIME,Aralık 1997 
1115,TIME,25 Aralık
1115,TIME,25 Aralık 1997
1115,TIME,Aralık
1115,TIME,1997
1116,PERSON,Osman Van
1116,LOCATION,Belçika
1117,TIME,Aralık 1997 
1117,TIME,27 Aralık 1997
1117,TIME,25 Aralık
1117,TIME,Aralık
1117,TIME,1997
1117,TIME,27 Aralık
1118,LOCATION,Belçika
1119,PERSON,Kaynak
1119,LOCATION,Belçika
1120,LOCATION,Paris
1120,LOCATION,Belçika
1120,LOCATION,Fransa
1121,LOCATION,Belçika
1122,LOCATION,Belçika
1122,TIME,1989
1122,TIME,1988
1124,PERSON,Enis YILDIRIM
1124,PERSON,Yusuf ÖZKAN
1124,LOCATION,YILDIRIM
1124,LOCATION,ARTVİN
1125,PERSON,Mesut Yılmaz
1125,PERSON,Deniz Baykal
1126,PERSON,Baykal
1126,LOCATION,Artvin
1126,LOCATION,Eylül
1126,TIME,12 Eylül
1126,TIME,Eylül
1127,PERSON,Baykal
1127,LOCATION,Türkiye
1127,LOCATION,Artvin
1127,LOCATION,Eylül
1127,TIME,12 Eylül
1127,TIME,Eylül
1128,LOCATION,Türkiye
1128,LOCATION,Eylül
1128,LOCATION,Yeni
1128,LOCATION,Anayasa
1128,TIME,12 Eylül
1128,TIME,Eylül
1129,PERSON,Baykal
1129,LOCATION,Türkiye
1129,TIME,kış
1130,PERSON,Süleyman Demirel
1130,PERSON,Hüsamettin Cindoruk
1130,LOCATION,Eylül
1130,TIME,12 Eylül
1130,TIME,Eylül
1131,PERSON,Ergun Göknel
1133,PERSON,Çevik Kuvvet
1133,PERSON,Kuvvet
1133,LOCATION,Kars
1133,TIME,yaz
1136,LOCATION,RUSYA
1137,LOCATION,Ankara
1138,LOCATION,Rusya
1139,LOCATION,Avusturya
1139,LOCATION,Rusya
1140,LOCATION,Moskova
1140,LOCATION,Almanya
1141,LOCATION,Danimarka
1141,LOCATION,İtalya
1141,LOCATION,Fransa
1141,LOCATION,Çin
1142,LOCATION,Gürcistan
1142,LOCATION,Azerbaycan
1142,LOCATION,Ukrayna
1142,LOCATION,Rusya
1143,PERSON,Devlet Başkanı
1143,ORGANIZATION,Dışişleri Bakanlığı
1147,LOCATION,Duma
1147,LOCATION,Merkez
1147,ORGANIZATION,Merkez Bankası
1148,PERSON,Devlet Başkanı
1148,LOCATION,Duma
1149,PERSON,Vural Öger
1149,PERSON,Birgen Air
1150,LOCATION,BONN
1151,PERSON,Vural Öger
1151,LOCATION,ALMANYA
1151,LOCATION,Almanya
1151,LOCATION,Türkiye
1151,TIME,yaz
1152,PERSON,Vural Öger
1152,LOCATION,Berlin
1152,LOCATION,Almanya
1152,LOCATION,Türkiye
1153,LOCATION,Türkiye
1153,LOCATION,Almanya
1153,ORGANIZATION,Alman Türk Vakfı
1154,LOCATION,Türkiye
1154,LOCATION,Almanya
1156,PERSON,Fidel Kostro
1156,PERSON,Devlet Başkanı
1156,LOCATION,Türkiye
1156,LOCATION,Küba
1157,PERSON,Vural Öger
1157,LOCATION,Türkiye
1157,LOCATION,Almanya
1159,PERSON,Vural Öger
1159,PERSON,Birgen Havayolları
1159,PERSON,Öger Tours
1159,TIME,7 Şubat 1996
1159,TIME,1996
1159,TIME,7 Şubat
1159,TIME,Şubat
1159,TIME,Şubat 1996 
1161,PERSON,Vural Öger
1163,LOCATION,ABD
1163,LOCATION,Clinton
1164,PERSON,Dünya Enerji Kongresi
1164,LOCATION,Eylül
1164,LOCATION,Houston
1164,TIME,18 Eylül
1164,TIME,Eylül
1165,PERSON,Şeref Oğuz
1165,LOCATION,Ekonomi
1165,LOCATION,Oğuz
1166,PERSON,Cumhur Ersümer
1166,LOCATION,ABD
1167,LOCATION,Türkiye
1168,LOCATION,ABD
1168,LOCATION,Clinton
1169,LOCATION,Bakü
1169,LOCATION,ABD
1171,LOCATION,Houston
1171,LOCATION,ABD
1172,PERSON,Dünya Güç Konferansı
1172,PERSON,Dünya Enerji Konseyi
1172,TIME,1923
1173,LOCATION,Houston
1175,PERSON,Hakan
1175,PERSON,Fatih
1176,PERSON,Hakan
1176,PERSON,Ümit
1178,PERSON,Hakan
1178,PERSON,Fatih
1178,PERSON,Ümit
1179,PERSON,Hakan
1180,PERSON,Hakan
1181,PERSON,Terim
1183,PERSON,Fatih Terim
1183,LOCATION,Ancak
1184,PERSON,Terim
1186,LOCATION,Erzurum
1205,PERSON,Rakip
1206,LOCATION,HASAN
1206,LOCATION,Hagi
1208,PERSON,Hakan
1214,LOCATION,FATİH
1219,LOCATION,Erzurum
1220,LOCATION,ALTAY
1221,PERSON,Muzaffer
1232,LOCATION,ALTAY
1238,LOCATION,Ancak
1240,PERSON,Muzaffer
1241,PERSON,Taze
1244,PERSON,Zaman
1246,PERSON,Tolunay
1246,PERSON,Ümit
1247,PERSON,Tolunay
1248,PERSON,Ümit
1255,PERSON,Ali Sami Yen Stadı
1255,LOCATION,İtalya
1257,LOCATION,Bilbao
1258,PERSON,Terim
1259,PERSON,Fatih Terim
1259,LOCATION,İtalya
1260,PERSON,Terim
1260,LOCATION,İstanbul
1261,PERSON,Canaydın
1262,PERSON,Özhan Canaydın
1263,LOCATION,Bursa
1264,PERSON,Murat Ilgaz
1264,PERSON,Turgay Güdü
1264,PERSON,İrfan Çakır
1265,LOCATION,Hasan
1266,PERSON,Emre
1266,PERSON,Burak
1266,PERSON,Bülent
1266,PERSON,Mehmet
1267,PERSON,Ali Rıza
1267,LOCATION,Altay
1268,PERSON,Ali
1268,PERSON,Erkan
1268,PERSON,Hüseyin
1269,LOCATION,SARI
1270,PERSON,Hakan
1270,PERSON,Fatih
1270,PERSON,Ümit
1271,PERSON,Duygu ASENA
1272,PERSON,Yardımcısı
1275,PERSON,Göksoy
1278,PERSON,Göksoy
1282,PERSON,Göksoy
1286,PERSON,Yalım Erez
1287,PERSON,Göksoy
1288,PERSON,Mehmet Tatar
1288,PERSON,Yalım Erez
1291,PERSON,Göksoy
1293,PERSON,Göksoy
1295,TIME,kış
1296,PERSON,Pınar AKTAŞ
1296,LOCATION,İSTANBUL
1297,PERSON,Kemal Alemdaroğlu
1297,LOCATION,İstanbul
1297,LOCATION,İSTANBUL
1297,ORGANIZATION,İstanbul Üniversitesi
1297,ORGANIZATION,L Üniversitesi
1298,LOCATION,İstanbul
1298,ORGANIZATION,İstanbul Üniversitesi
1299,PERSON,Ulu Önder
1299,LOCATION,Türkiye
1299,LOCATION,İstanbul
1299,ORGANIZATION,İstanbul Üniversitesi
1302,LOCATION,Andican
1302,LOCATION,Cumhuriyet
1302,ORGANIZATION,Cevahir Holding
1303,PERSON,Şener Şen
1304,PERSON,Nazım Alpman
1308,PERSON,Şener Şen
1309,PERSON,Şener Şen
1311,PERSON,Hüseyin Kırcalı
1312,PERSON,Şener Şen
1313,TIME,güz
1318,PERSON,İlgi
1319,LOCATION,Şanlıurfa
1319,LOCATION,İSTANBUL
1321,TIME,kış
1323,PERSON,Şener Şen
1323,LOCATION,Cam
1324,PERSON,Şener Şen
1324,LOCATION,Şanlıurfa
1324,TIME,ekim
1326,TIME,kış
1328,PERSON,Hüseyin Kırcalı
1331,LOCATION,Hoş
1332,LOCATION,Ankara
1332,LOCATION,Şanlıurfa
1335,PERSON,Hava
1336,PERSON,Şener Şen
1337,PERSON,Ömer Okutan
1338,PERSON,Okutan
1338,TIME,1960
1339,LOCATION,Hasan
1339,LOCATION,İstanbul
1339,TIME,güz
1339,TIME,Yaz
1339,TIME,yaz
1341,PERSON,Hüseyin Kırcalı
1341,PERSON,Ömer Okutan
1342,PERSON,Şener Şen
1343,LOCATION,Yeni
1346,PERSON,Şener Şen
1346,LOCATION,Diyarbakır
1347,PERSON,Bekir Polat
1349,PERSON,Polat
1351,PERSON,Şener Şen
1353,PERSON,Cemal Sönmez
1354,PERSON,Cemal
1355,PERSON,Şener Şen
1358,PERSON,Şener Şen
1364,PERSON,Şener Şen
1366,PERSON,Şen
1366,LOCATION,Ancak
1370,PERSON,Su
1373,LOCATION,Genç
1374,PERSON,Hüseyin Kırcalı
1374,PERSON,Şener Şen
1374,LOCATION,Tanrım
1374,LOCATION,Şanlıurfa
1379,PERSON,Konseyi
1380,ORGANIZATION,Hırvat Federasyonu
1381,LOCATION,Dayton
1381,LOCATION,ABD
1381,ORGANIZATION,Hırvat Federasyonu
1382,PERSON,Devlet Başkanlığı
1383,PERSON,Ülke Parlamentosu
1385,ORGANIZATION,Hırvat Federasyonu
1389,ORGANIZATION,Hırvat Federasyonu
1393,LOCATION,Türkiye
1393,LOCATION,Ay
1393,TIME,ekim
1394,PERSON,Beyazıt Tıp Medresesi
1394,LOCATION,Uzunköprü
1394,LOCATION,Edirne
1394,LOCATION,Kilitbahir Kalesi
1394,LOCATION,Bursa
1394,LOCATION,Ay
1394,LOCATION,Söğüt
1394,TIME,yaz
1394,TIME,Cumalıkızık
1395,PERSON,Yaşar Saraçoğlu
1395,PERSON,Gülsün Durak
1395,PERSON,Özgül Kavruk
1395,LOCATION,Türkiye
1395,TIME,güz
1395,TIME,ekim
1397,TIME,1999
1399,PERSON,Yıldız
1399,LOCATION,Ay
1400,LOCATION,Karabük
1401,LOCATION,Parma
1404,PERSON,Saffet
1404,PERSON,Mustafa
1404,PERSON,Rüştü
1404,LOCATION,Ancak
1404,LOCATION,Parma
1404,TIME,Salı
1405,PERSON,Ateş Ünal Erzen
1405,LOCATION,Parma
1405,LOCATION,Ancak
1405,TIME,kış
1406,LOCATION,Parma
1406,TIME,Salı
1406,TIME,yaz
1407,PERSON,Murat Yakın
1408,PERSON,Metin Diyadin
1410,PERSON,Şener Şen
1417,LOCATION,Şanlıurfa
1420,PERSON,Pamuk
1422,LOCATION,Türkiye
1422,LOCATION,Şanlıurfa
1422,TIME,9.7
1426,LOCATION,Şanlıurfa
1430,LOCATION,Güzel
1430,TIME,Güz
1441,PERSON,Abbas Sümer
1441,PERSON,Mansur Özdemir
1441,TIME,ekim
1443,LOCATION,Mardin
1443,LOCATION,Diyarbakır
1443,LOCATION,Viranşehir
1450,LOCATION,Washington
1450,LOCATION,ABD
1450,LOCATION,Clinton
1451,LOCATION,Clinton
1452,PERSON,Yasemin ÇONGAR
1452,LOCATION,WASHINGTON
1453,LOCATION,ABD
1453,LOCATION,Clinton
1454,LOCATION,Clinton
1455,LOCATION,Washington
1455,LOCATION,York
1456,LOCATION,Clinton
1458,LOCATION,Clinton
1459,LOCATION,Washington
1459,LOCATION,Beyaz Saray
1459,LOCATION,Clinton
1459,TIME,yaz
1460,LOCATION,Clinton
1466,LOCATION,Clinton
1470,LOCATION,Clinton
1470,LOCATION,Adalet
1471,LOCATION,Clinton
1474,PERSON,Şükran Günü
1474,LOCATION,Washington
1474,LOCATION,Clinton
1474,TIME,Kasım
1476,LOCATION,Clinton
1477,LOCATION,Anayasa
1478,LOCATION,Ancak
1478,LOCATION,Clinton
1480,LOCATION,Gallup
1480,LOCATION,Clinton
1481,LOCATION,Ancak
1481,LOCATION,Clinton
1483,LOCATION,Clinton
1486,LOCATION,Beyaz Saray
1486,TIME,yaz
1488,PERSON,Batı Kanat
1488,LOCATION,Beyaz Saray
1488,TIME,yaz
1490,LOCATION,Clinton
1492,PERSON,Kasım
1492,TIME,Kasım 1995 
1492,TIME,15 Kasım 1995
1492,TIME,15 Kasım
1492,TIME,Kasım
1492,TIME,1995
1493,LOCATION,Beyaz Saray
1493,TIME,1.30
1493,TIME,5.07
1493,TIME,12.18
1493,TIME,yaz
1493,TIME,Kasım
1493,TIME,16 Kasım
1494,LOCATION,Oval
1494,LOCATION,Beyaz Saray
1494,TIME,12:35
1494,TIME,yaz
1494,TIME,15 Kasım
1494,TIME,5:01
1494,TIME,Kasım
1494,TIME,16 Kasım
1495,LOCATION,Şef
1496,PERSON,Personel Şefi
1498,LOCATION,Yarın
1499,LOCATION,CLINTON
1500,LOCATION,Clinton
1501,PERSON,Sonbahar
1501,TIME,Sonbahar
1501,TIME,bahar
1502,LOCATION,Washington
1503,LOCATION,Clinton
1504,LOCATION,Singapur
1505,LOCATION,Avustralya
1505,LOCATION,Sydney
1505,LOCATION,Clinton
1505,TIME,yaz
1506,LOCATION,Clinton
1507,LOCATION,Clinton
1509,LOCATION,Clinton
1510,LOCATION,Clinton
1512,LOCATION,ABD
1512,LOCATION,Çin
1513,PERSON,Güçlü
1516,LOCATION,ABD
1517,PERSON,Dünya
1523,LOCATION,Endonezya
1523,LOCATION,Cakarta
1525,LOCATION,Star
1525,LOCATION,Clinton
1530,LOCATION,ABD
1530,LOCATION,Clinton
1531,LOCATION,Davis
1531,LOCATION,Virginia
1531,LOCATION,Clinton
1533,LOCATION,Florida
1534,LOCATION,Oregon
1535,PERSON,Ani
1539,LOCATION,New York
1539,LOCATION,York
1539,LOCATION,King
1544,LOCATION,George
1544,LOCATION,Washington
1550,LOCATION,Clinton
1553,PERSON,Kemal Gürüz
1553,LOCATION,Anayasa
1554,PERSON,Kemal Gürüz
1554,LOCATION,Anayasa
1555,LOCATION,Türkiye
1556,LOCATION,Anayasa
1558,PERSON,Kemal Gürüz
1561,LOCATION,Anayasa
1564,TIME,yaz
1566,LOCATION,Anayasa
1567,LOCATION,Anayasa
1582,LOCATION,Anayasa
1596,LOCATION,İstanbul
1596,ORGANIZATION,İstanbul Üniversitesi
1600,LOCATION,Türkiye
1604,LOCATION,Anayasa
1608,LOCATION,Tanrı
1611,LOCATION,Anayasa
1623,PERSON,Hata
1624,PERSON,Beyza Bilgin
1626,PERSON,Beyza Bilgin
1631,PERSON,Atatürk
1638,LOCATION,Üniversite
1652,PERSON,Devlet
1655,LOCATION,Anayasa
1657,LOCATION,Özgürlük
1659,PERSON,Tamam
1660,PERSON,Sağlık
1665,PERSON,İslam
1674,TIME,28 Şubat
1674,TIME,Şubat
1678,TIME,1500
1683,LOCATION,Türkiye
1685,LOCATION,ABD
1687,TIME,kış
1691,TIME,1500
1693,LOCATION,Üst
1694,PERSON,Özel
1695,PERSON,Devlet
1696,PERSON,Devlet
1698,LOCATION,Türkiye
1702,TIME,2658
1702,TIME,1993
1703,TIME,1509
1705,LOCATION,Üniversite
1710,PERSON,Tek
1715,PERSON,Bülent Eczacıbaşı
1715,LOCATION,Türkiye
1723,LOCATION,Rusya
1724,LOCATION,Rusya
1724,TIME,1997
1726,PERSON,Doğu Avrupa
1729,LOCATION,Türkiye
1731,LOCATION,Türkiye
1733,PERSON,Asya
1733,LOCATION,Rusya
1734,LOCATION,Rusya
1735,LOCATION,Rusya
1737,LOCATION,Türkiye
1737,LOCATION,Ancak
1737,LOCATION,Rusya
1737,TIME,pazar
1738,LOCATION,Rusya
1738,TIME,pazarı
1741,LOCATION,Çin
1742,PERSON,Asya
1746,PERSON,Asya
1746,LOCATION,Japonya
1748,TIME,pazarlarda
1749,LOCATION,Endonezya
1749,LOCATION,Tayland
1749,LOCATION,Malezya
1749,LOCATION,Kore
1750,LOCATION,Çin
1750,LOCATION,Hong Kong
1751,LOCATION,Çin
1753,LOCATION,Japonya
1753,LOCATION,Hong Kong
1755,LOCATION,Arjantin
1755,LOCATION,Hong Kong
1768,LOCATION,Ekonomi
1769,LOCATION,TEFE
1769,TIME,1998
1769,TIME,76.00
1769,TIME,1999
1769,TIME,38.50
1769,TIME,88.00
1770,TIME,1998
1771,TIME,88.00
1771,TIME,38.50
1773,TIME,1999
1774,TIME,76.00
1774,TIME,1999
1776,LOCATION,Kütahya
1777,PERSON,İdil TÜTÜNCÜ
1777,LOCATION,TAVŞANLI
1778,PERSON,Tansu Çiller
1778,LOCATION,Kütahya
1780,LOCATION,Ancak
1781,LOCATION,Yeni
1783,PERSON,Adnan Menderes
1783,LOCATION,Menderes
1783,LOCATION,Adalet
1785,LOCATION,Türkiye
1785,LOCATION,Yeni
1785,LOCATION,Strasbourg
1785,TIME,21. yüzyıl
1787,TIME,kış
1788,LOCATION,Belçika
1789,PERSON,Kemal Gürüz
1789,LOCATION,Anayasa
1791,LOCATION,Adalet
1791,ORGANIZATION,Adalet Bakanlığı
1792,LOCATION,Yeni
1792,ORGANIZATION,Yargıtay
1793,PERSON,Fener Rum Patrikhanesi
1793,LOCATION,Atina
1793,LOCATION,Brüksel
1794,LOCATION,Türkiye
1794,TIME,9001
1795,PERSON,Ege Ordu Komutanlığı
1795,LOCATION,Ordu
1796,LOCATION,KAYSERİ
1798,ORGANIZATION,Yurtlar Kurumu
1802,LOCATION,Ankara
1805,LOCATION,ABD
1805,LOCATION,Clinton
1806,LOCATION,Brezilya
1806,LOCATION,ABD
1806,LOCATION,RUSYA
1806,LOCATION,Clinton
1807,TIME,Pazartesi
1808,TIME,pazarına
1808,TIME,pazarından
1809,PERSON,Renaud  Paris
1809,PERSON,Osman Çarmıklı
1809,LOCATION,Türkiye
1809,LOCATION,Paris
1810,ORGANIZATION,Koç Holding
1810,TIME,Nisan
1810,TIME,1999
1812,TIME,1.3
1813,LOCATION,Türkiye
1813,LOCATION,Hollanda
1814,LOCATION,Cumhuriyet
1815,LOCATION,Türkiye
1816,LOCATION,Bayındır
1816,ORGANIZATION,İş Bankası
1816,ORGANIZATION,Bayındır Holding
1816,ORGANIZATION,Park Holding
1817,LOCATION,Ağustos
1817,LOCATION,Rusya
1817,TIME,Ağustos
1819,PERSON,Mihail Gorbaçov
1819,LOCATION,Rusya
1820,PERSON,Devlet Bakanı
1820,PERSON,Işın Çelebi
1820,TIME,1999
1821,PERSON,Tarım İşletmeleri Genel Müdürlüğü
1821,LOCATION,Türkiye
1821,TIME,5 Ekim
1821,TIME,Ekim
1822,ORGANIZATION,Rekabet Kurumu
1824,PERSON,Feza Gürsey Salonu
1824,LOCATION,Ankara
1825,LOCATION,Çin
1827,PERSON,Şener Şen
1828,PERSON,Vural Öger
1828,PERSON,Birgen Air
1829,LOCATION,Almanya
1830,LOCATION,Türkiye
1830,LOCATION,Ay
1830,TIME,ekim
1831,PERSON,e Etki Değerlendirme
1831,LOCATION,ÇAMLIHEMŞİN
1831,ORGANIZATION,Hemşin Vakfı
1832,LOCATION,Brezilya
1833,TIME,1950
1833,TIME,1998
1833,TIME,yaz
1834,LOCATION,ABD
1836,LOCATION,Margaret
1837,LOCATION,OSMANİYE
1837,LOCATION,Sumbas İlçesi
1840,LOCATION,Kenedy Caddesi
1840,LOCATION,Sahil
1840,LOCATION,Çay
1840,LOCATION,Kenedy
1843,PERSON,Aylin LİVANELİ
1845,LOCATION,Kütahya
1846,PERSON,Yardımcısı
1848,LOCATION,Eylül
1848,LOCATION,Ankara
1848,TIME,12 Eylül
1848,TIME,Eylül
1849,LOCATION,Eylül
1849,TIME,12 Eylül
1849,TIME,Eylül
1850,PERSON,Vekili
1850,LOCATION,Türkiye
1850,LOCATION,Hasan
1850,LOCATION,Eylül
1850,LOCATION,Güzel
1850,TIME,12 Eylül
1850,TIME,Eylül
1850,TIME,Güz
1851,PERSON,İbrahim Yaşar Dedelek
1851,PERSON,Yardımcısı
1851,PERSON,Yaşar 
1852,PERSON,Murat Karayalçın
1852,LOCATION,Samsun
1853,LOCATION,Cumhuriyet
1854,LOCATION,Anayasa
1855,PERSON,İsmail Hakkı Karadayı
1855,LOCATION,Türkiye
1856,PERSON,Devlet Başkanı
1856,LOCATION,PANAMA
1856,LOCATION,Topkapı Sarayı
1856,LOCATION,Süleymaniye
1857,PERSON,Dora Maria
1857,LOCATION,Topkapı Sarayı
1860,PERSON,Hakan
1860,PERSON,Fatih
1861,PERSON,Hakan
1861,PERSON,Ümit
1862,LOCATION,Parma
1863,PERSON,Murat
1863,PERSON,Metin
1864,LOCATION,Karabük
1867,PERSON,İskender
1867,PERSON,Hüseyin
1868,PERSON,Süleyman Seba
1870,LOCATION,Erzurum
1872,LOCATION,Ankara
1873,LOCATION,Durham
1875,PERSON,Ülker
1875,PERSON,Hüseyin
1877,LOCATION,İSTANBUL
1879,LOCATION,Erkek
1879,LOCATION,Antalya
1879,ORGANIZATION,Erkek Milli Takımımız
1882,LOCATION,İran
1882,ORGANIZATION,Serbest Güreş Milli Takımımız
1883,PERSON,Harun Doğan
1884,LOCATION,Aydın
1888,PERSON,Doğan KOLOĞLU
1891,PERSON,Ömer Üründül
1892,LOCATION,Washington
1892,LOCATION,ABD
1892,LOCATION,Clinton
1893,LOCATION,Clinton
1894,LOCATION,RUSYA
1895,LOCATION,İRAN
1896,LOCATION,İran
1896,LOCATION,Afganistan
1899,PERSON,Konseyi
1901,PERSON,Ebu Nidal
1901,TIME,temmuz
1902,LOCATION,Çin
1903,ORGANIZATION,Sokağı Web Sitesi
1908,TIME,0212
1908,TIME,21. yüzyıl
1911,LOCATION,Şili
1912,LOCATION,ANKARA
1913,LOCATION,Ankara
1914,LOCATION,Ankara
1914,LOCATION,Adalet
1914,ORGANIZATION,Adalet Bakanlığı
1915,LOCATION,Adet
1916,LOCATION,Eylül
1916,TIME,Eylül
1916,TIME,23 Eylül
1918,PERSON,Davut GÜLEÇ
1918,LOCATION,KAYSERİ
1919,LOCATION,KAYSERİ
1921,LOCATION,Eğitim İl 
1921,LOCATION,Kayseri
1923,LOCATION,Kayseri
1924,LOCATION,Kayseri
1925,PERSON,Ersan ATAR
1925,LOCATION,ATAR
1925,LOCATION,ANKARA
1926,LOCATION,Adalet
1926,ORGANIZATION,Adalet Bakanlığı
1927,LOCATION,Yeni
1927,ORGANIZATION,Yargıtay
1928,ORGANIZATION,Yargıtay
1929,ORGANIZATION,Yargıtay
1929,TIME,ocak
1931,TIME,3.5
1938,PERSON,Hakim
1939,LOCATION,Aynı
1947,ORGANIZATION,Milli Eğitim Bakanlığı
1947,TIME,kasım
1948,PERSON,Doğu
1948,LOCATION,İstanbul
1948,LOCATION,Ankara
1948,LOCATION,İzmir
1949,TIME,1998
1953,ORGANIZATION,Çocuk Esirgeme Kurumu
1956,LOCATION,ANKARA
1958,PERSON,Ünal
1959,PERSON,Ünal
1959,PERSON,Devlet
1960,PERSON,Ünal
1961,LOCATION,Türkiye
1961,TIME,9001
1962,PERSON,Ege Ordu Komutanlığı
1962,LOCATION,Ordu
1965,PERSON,Ege Merkez Komutanlığı
1965,LOCATION,Merkez
1965,TIME,9001
1966,PERSON,İbrahim YÜKSEL
1967,ORGANIZATION,Yurtlar Kurumu
1968,ORGANIZATION,Afyon Kocatepe Üniversitesi
1968,ORGANIZATION,Yurtlar Kurumu
1969,PERSON,Sağlık Yüksek Okulu
1969,ORGANIZATION,Sağlık Yüksek Okulu
1970,PERSON,Ahmet Özyurt
1971,PERSON,Özel İdare
1971,ORGANIZATION,Yurtlar Kurumu
1972,PERSON,Taki BERBERAKİS
1973,PERSON,Fener Rum Patrikhanesi
1973,LOCATION,Atina
1973,LOCATION,Brüksel
1974,PERSON,Fener Rum Patrikhanesi
1974,LOCATION,İstanbul
1974,LOCATION,Atina
1975,TIME,pazarlık
1976,PERSON,Fener
1976,LOCATION,Atina
1977,TIME,pazarlık
1978,PERSON,Fener
1978,LOCATION,Atina
1978,LOCATION,Brüksel
1980,PERSON,Fener Patrikhanesi
1980,LOCATION,Türkiye
1980,LOCATION,İstanbul
1980,LOCATION,Atina
1981,LOCATION,İstanbul
1982,PERSON,Fener
1983,LOCATION,Kıbrıs
1983,LOCATION,Brüksel
1984,TIME,pazarına
1984,TIME,pazarından
1985,LOCATION,Türkiye
1985,LOCATION,Paris
1986,PERSON,Perihan ÇAKIROĞLU
1987,LOCATION,Paris
1988,LOCATION,Türkiye
1988,TIME,pazarlayan
1989,TIME,yaz
1990,PERSON,Renaud Paris
1990,LOCATION,Türkiye
1990,LOCATION,Paris
1990,LOCATION,Fransa
1991,LOCATION,Türkiye
1992,LOCATION,Türkiye
1992,LOCATION,Paris
1992,TIME,güz
1992,TIME,1950
1994,LOCATION,Paris
1994,LOCATION,İstanbul
1995,PERSON,Renaud Paris
1995,LOCATION,Paris
1995,LOCATION,İstanbul
1996,LOCATION,Ancak
1999,PERSON,Renaud Paris
1999,LOCATION,Paris
1999,TIME,pazarlıkların
2002,PERSON,Renaud
2002,PERSON,Osman Çarmıklı
2002,LOCATION,Paris
2002,TIME,yaz
2003,PERSON,Kasım
2003,TIME,Kasım
2005,PERSON,Kuzey Afrika
2005,LOCATION,Arap
2005,LOCATION,Romanya
2005,LOCATION,Rusya
2005,TIME,Ocak
2006,PERSON,Renaud
2006,LOCATION,Paris
2006,TIME,2003
2006,TIME,pazarda
2009,LOCATION,Türkiye
2009,TIME,2.5
2009,TIME,pazarının
2010,TIME,Pazarın
2010,TIME,pazarın
2012,TIME,1.48
2012,TIME,1997
2013,TIME,1997
2013,TIME,pazarı
2015,PERSON,Canan Kozmetik
2015,TIME,Pazarın
2015,TIME,pazarda
2016,TIME,Pazarın
2016,TIME,pazarı
2018,TIME,1997
2018,TIME,pazarda
2020,TIME,pazarına
2021,TIME,1994
2021,TIME,pazarı
2021,TIME,1995
2021,TIME,1996
2021,TIME,kış
2021,TIME,1997
2021,TIME,pazarda
2022,LOCATION,Gillette
2022,TIME,Pazara
2022,TIME,1995
2023,LOCATION,Gillette
2023,TIME,pazarını
2024,LOCATION,Gillette
2024,TIME,1997
2024,TIME,pazarının
2025,LOCATION,Türkiye
2025,TIME,2.5
2025,TIME,pazarının
2026,TIME,Pazarın
2026,TIME,pazarın
2028,TIME,1.48
2028,TIME,1997
2029,TIME,1997
2029,TIME,pazarı
2031,PERSON,Canan Kozmetik
2031,TIME,Pazarın
2031,TIME,pazarda
2032,TIME,Pazarın
2032,TIME,pazarı
2034,TIME,1997
2034,TIME,pazarda
2036,TIME,pazarına
2037,TIME,1994
2037,TIME,pazarı
2037,TIME,1995
2037,TIME,1996
2037,TIME,kış
2037,TIME,1997
2037,TIME,pazarda
2038,LOCATION,Gillette
2038,TIME,Pazara
2038,TIME,1995
2039,LOCATION,Gillette
2039,TIME,pazarını
2040,LOCATION,Gillette
2040,TIME,1997
2041,PERSON,Perihan ÇAKIROĞLU
2043,TIME,1.3
2044,LOCATION,Türkiye
2044,LOCATION,Hollanda
2045,LOCATION,Cumhuriyet
2046,LOCATION,Türkiye
2047,PERSON,Melih Türker
2047,LOCATION,Türkiye
2048,PERSON,Melih Türker
2048,LOCATION,Türkiye
2048,LOCATION,Bakü
2048,TIME,kış
2049,PERSON,Türker
2049,LOCATION,Türkiye
2051,LOCATION,Hollanda
2060,TIME,pazarlama
2061,LOCATION,Türkiye
2062,LOCATION,Türkiye
2063,LOCATION,Türkiye
2064,LOCATION,Türkiye
2065,LOCATION,Türkiye
2067,TIME,pazara
2069,PERSON,Artık
2073,LOCATION,Merkez
2073,LOCATION,Carrefour
2073,ORGANIZATION,Carrefour
2077,TIME,pazarlama
2079,LOCATION,Türkiye
2087,PERSON,Ülke
2087,ORGANIZATION,BP
2087,TIME,pazar
2089,LOCATION,Yeni
2093,TIME,pazarlama
2094,TIME,pazarlamadaki
2098,PERSON,Gerçek
2101,ORGANIZATION,TÜPRAŞ
2102,PERSON,Artık
2107,ORGANIZATION,Tüpraş
2108,ORGANIZATION,TÜPRAŞ
2111,PERSON,Ceyhan
2111,LOCATION,Bakü
2112,LOCATION,Türkiye
2113,LOCATION,Ancak
2114,LOCATION,Türkiye
2119,PERSON,Ceyhan
2119,LOCATION,Bakü
2120,TIME,pazarı
2122,PERSON,Tarım İşletmeleri Genel Müdürlüğü
2122,LOCATION,Türkiye
2122,TIME,5 Ekim
2122,TIME,Ekim
2124,LOCATION,Erzurum
2124,LOCATION,İstanbul
2124,TIME,5 Ekim
2124,TIME,Ekim
2125,LOCATION,Erzurum
2128,TIME,71.8
2131,LOCATION,Erzurum
2132,LOCATION,Ağustos
2132,LOCATION,Rusya
2132,TIME,Ağustos
2134,LOCATION,RUSYA
2136,LOCATION,Ağustos
2136,TIME,Ağustos
2137,LOCATION,Ağustos
2137,TIME,41.9
2137,TIME,Ağustos
2137,TIME,75.2
2138,PERSON,Asya
2138,PERSON,Ekim
2138,TIME,Mayıs
2138,TIME,1997
2138,TIME,Ekim
2139,ORGANIZATION,Akbank
2140,LOCATION,Ağustos
2140,TIME,Ağustos
2141,ORGANIZATION,Akbank
2142,ORGANIZATION,İş Bankası
2143,LOCATION,Ağustos
2143,TIME,Ağustos
2144,LOCATION,Ağustos
2144,TIME,Ağustos
2145,PERSON,Güney Bira
2145,PERSON,Sabah Yayıncılık
2148,PERSON,Kasım
2148,PERSON,Ekim
2148,LOCATION,Eylül
2148,LOCATION,Ağustos
2148,TIME,Ağustos
2148,TIME,Ocak
2148,TIME,Mart 1998 
2148,TIME,Eylül 1997 
2148,TIME,Şubat 1998 
2148,TIME,Aralık 1997 
2148,TIME,Kasım
2148,TIME,Ocak 1998 
2148,TIME,Nisan
2148,TIME,1998
2148,TIME,Nisan 1998 
2148,TIME,Ekim 1997 
2148,TIME,Ağustos 1998 
2148,TIME,Mart
2148,TIME,Temmuz 1998 
2148,TIME,Temmuz
2148,TIME,Ekim
2148,TIME,Şubat
2148,TIME,Haziran
2148,TIME,Haziran 1998 
2148,TIME,Mayıs
2148,TIME,Eylül
2148,TIME,Mayıs 1998 
2148,TIME,Aralık
2148,TIME,1997
2148,TIME,Kasım 1997 
2149,ORGANIZATION,Koç Holding
2149,TIME,Nisan
2149,TIME,1999
2150,PERSON,Koç
2150,LOCATION,Türkiye
2150,LOCATION,Rusya
2151,PERSON,Seçim
2151,PERSON,Koç
2154,PERSON,Rahmi Koç
2154,LOCATION,Türkiye
2155,PERSON,Seçim
2155,PERSON,Koç
2159,LOCATION,Çin
2160,PERSON,Rahmi Koç
2160,LOCATION,Japonya
2160,LOCATION,Çin
2160,LOCATION,Rusya
2161,PERSON,Koç
2161,LOCATION,Çin
2162,PERSON,Rahmi Koç
2162,LOCATION,Türkiye
2164,LOCATION,Küba
2164,LOCATION,Irak
2164,LOCATION,Libya
2165,PERSON,Rahmi Koç
2166,LOCATION,ANKARA
2167,ORGANIZATION,Rekabet Kurumu
2168,ORGANIZATION,Rekabet Kurumu
2168,ORGANIZATION,Özelleştirme İdaresi Başkanlığı
2169,ORGANIZATION,Rekabet Kurumu
2169,ORGANIZATION,Özelleştirme İdaresi Başkanlığı
2170,TIME,pazar
2171,ORGANIZATION,Rekabet Kurumu
2172,PERSON,Devlet Bakanı
2172,PERSON,Işın Çelebi
2172,TIME,1999
2173,PERSON,Çelebi
2173,TIME,1998
2173,TIME,1999
2174,TIME,1999
2183,PERSON,Ekim
2183,TIME,Ekim
2184,PERSON,Zülfikar DOĞAN
2184,LOCATION,ANKARA
2185,LOCATION,Bayındır
2185,ORGANIZATION,İş Bankası
2185,ORGANIZATION,Bayındır Holding
2185,ORGANIZATION,Park Holding
2186,ORGANIZATION,Rekabet Kurumu
2186,ORGANIZATION,Özelleştirme İdaresi Başkanlığı
2186,TIME,3 Kasım
2186,TIME,Kasım
2187,PERSON,Mehmet Gültekin
2187,TIME,6300
2188,LOCATION,Yeni
2188,TIME,3400
2188,TIME,6300
2189,PERSON,Mihail Gorbaçov
2189,LOCATION,Rusya
2190,LOCATION,Rusya
2191,LOCATION,Rusya
2192,LOCATION,Merkez
2192,LOCATION,Eylül
2192,LOCATION,Rusya
2192,ORGANIZATION,Rusya Merkez Bankası
2192,TIME,Eylül
2192,TIME,2 Eylül
2193,LOCATION,Londra
2193,LOCATION,Rusya
2194,LOCATION,Rusya
2195,PERSON,Feza Gürsey Salonu
2195,LOCATION,Ankara
2196,LOCATION,Çin
2197,LOCATION,Eylül
2197,TIME,Eylül
2199,LOCATION,Pazar
2199,LOCATION,Eylül
2199,TIME,Pazar
2199,TIME,Eylül
2199,TIME,14.30
2199,TIME,13 Eylül
2202,LOCATION,PAZAR
2202,LOCATION,Eylül
2202,TIME,16.30
2202,TIME,Eylül
2202,TIME,13 Eylül
2203,LOCATION,Yeni
2204,LOCATION,Pazar
2204,LOCATION,Altın
2204,LOCATION,Eylül
2204,LOCATION,Essen
2204,LOCATION,Cannes
2204,TIME,Pazar
2204,TIME,15 Eylül
2204,TIME,20.30
2204,TIME,Cuma
2204,TIME,20 Eylül
2204,TIME,18 Eylül
2204,TIME,18.30
2204,TIME,17.00
2204,TIME,Eylül
2204,TIME,15.30
2204,TIME,yaz
2204,TIME,Salı
2204,TIME,14.00
2205,PERSON,Buket AŞÇI
2205,ORGANIZATION,Buket AŞÇI
2208,LOCATION,Türkiye
2208,LOCATION,Cumhuriyet
2208,ORGANIZATION,Tarih Vakfı
2208,TIME,kış
2209,LOCATION,Cumhuriyet
2209,ORGANIZATION,Tarih Vakfı
2209,TIME,kış
2210,LOCATION,Eylül
2210,LOCATION,Cumhuriyet
2210,ORGANIZATION,Tarih Vakfı
2210,TIME,18 Eylül
2210,TIME,Eylül
2212,PERSON,Yiğit Öksüz
2212,LOCATION,Cumhuriyet
2213,LOCATION,Cumhuriyet
2214,LOCATION,Cumhuriyet
2215,PERSON,Altan ÖYMEN
2216,LOCATION,Star
2221,TIME,1973
2223,LOCATION,Clinton
2226,LOCATION,Clinton
2227,LOCATION,Beyaz Saray
2227,LOCATION,Clinton
2227,TIME,yaz
2229,LOCATION,Clinton
2233,LOCATION,ABD
2233,LOCATION,Clinton
2235,PERSON,Pek
2239,LOCATION,Clinton
2240,LOCATION,ABD
2245,PERSON,Devlet
2247,LOCATION,Clinton
2248,LOCATION,ABD
2248,LOCATION,Clinton
2254,LOCATION,Yalnız
2258,TIME,1955
2260,LOCATION,Odessa
2260,LOCATION,Tokyo
2260,LOCATION,İstanbul
2260,LOCATION,New York
2260,LOCATION,York
2260,LOCATION,Moskova
2263,PERSON,Zaman
2265,LOCATION,Bodrum Kalesi
2267,PERSON,Hüseyin Sermet
2267,LOCATION,Mori
2271,LOCATION,Bodrum Kalesi
2272,LOCATION,Bodrum Kalesi
2278,LOCATION,Pierre
2278,TIME,yaz
2279,PERSON,Doğu Akdeniz Kültür
2279,ORGANIZATION,Sanat Vakfı
2280,PERSON,Hüseyin Sermet
2281,PERSON,Dünya
2284,PERSON,Hüseyin Sermet
2285,LOCATION,Bodrum Kalesi
2286,LOCATION,Japonya
2290,LOCATION,Türkiye
2291,PERSON,Artık
2291,LOCATION,Türkiye
2291,TIME,mart
2291,TIME,salı
2291,TIME,Cumartesi
2294,LOCATION,Türkiye
2295,LOCATION,İzmir
2297,TIME,pazar
2299,PERSON,Cumhurbaşkanı
2303,PERSON,Artık
2304,PERSON,Devlet Güvenlik Mahkemesi
2304,PERSON,Hakim 
2304,LOCATION,Türkiye
2304,LOCATION,Ancak
2304,TIME,yaz
2308,LOCATION,Türkiye
2310,TIME,yaz
2311,PERSON,Hani
2311,TIME,yaz
2312,PERSON,Aziz
2313,TIME,yaz
2316,LOCATION,Darülaceze
2316,TIME,kış
2325,TIME,yaz
2329,PERSON,Karadeniz
2329,LOCATION,İstanbul
2329,TIME,mart
2329,TIME,kasım
2331,TIME,mayıs
2331,TIME,Nisan
2339,LOCATION,Erkek
2342,PERSON,Paşa
2344,PERSON,Mehmet Kemal
2344,LOCATION,Eylül
2344,TIME,12 Eylül
2344,TIME,Eylül
2344,TIME,yaz
2345,TIME,kış
2346,PERSON,Adli Yıl
2346,TIME,yaz
2347,ORGANIZATION,Yargıtay
2349,PERSON,Gülay Göktürk
2349,TIME,pazarlık
2349,TIME,yaz
2350,TIME,kış
2358,PERSON,Hakim 
2358,TIME,kış
2359,PERSON,Hakim 
2360,PERSON,Ömer Şarlak
2362,PERSON,Ömer Şarlak
2363,PERSON,Ömer Lütfü Topal
2363,LOCATION,Halen
2363,ORGANIZATION,İnönü Üniversitesi
2364,PERSON,Ömer Şarlak
2365,PERSON,Ömer Lütfü Topal
2365,TIME,1987
2370,PERSON,Hikmet Bayar
2372,PERSON,Güler
2373,LOCATION,Kara
2375,PERSON,Birgün
2377,PERSON,Çiftçi
2387,PERSON,Çiftçi
2391,LOCATION,Clinton
2394,PERSON,Mesut Yılmaz
2394,PERSON,Fahrettin Fidan
2394,TIME,yaz
2398,LOCATION,Clinton
2402,PERSON,Necmettin Erbakan
2403,TIME,yaz
2412,PERSON,Bülent Ecevit
2412,PERSON,Rahşan Ecevit
2413,PERSON,Bülent
2415,PERSON,Hikmet Çetin
2418,LOCATION,Bursa
2421,PERSON,Deniz Baykal
2422,PERSON,Olay
2434,PERSON,Tansu Çiller
2439,PERSON,Mesut Yılmaz
2448,LOCATION,Clinton
2449,LOCATION,ABD
2451,LOCATION,Clinton
2454,LOCATION,Clinton
2455,PERSON,Hülya Avşar
2456,PERSON,Hülya Avşar
2458,PERSON,Hülya Avşar
2459,LOCATION,Kaya
2459,LOCATION,Clinton
2460,PERSON,Hülya Avşar
2461,LOCATION,Kaya
2462,PERSON,Hülya Avşar
2463,PERSON,Meşhur
2464,PERSON,Hülya Avşar
2464,LOCATION,Clinton
2467,LOCATION,Türkiye
2468,LOCATION,Menderes
2469,PERSON,Suzan Sözen
2469,PERSON,Ayhan Aydan
2471,LOCATION,Hasan
2472,PERSON,Hamdi Üçpınarlar
2473,PERSON,İlyas Aktaş
2477,LOCATION,Oval
2477,LOCATION,Arafat
2477,TIME,pazarlıktayken
2480,PERSON,Dünya
2483,LOCATION,Clinton
2488,PERSON,Oy
2490,PERSON,Seçim
2491,LOCATION,İstanbul
2491,ORGANIZATION,İstanbul Üniversitesi
2496,LOCATION,ALMANYA
2499,PERSON,Güneş Taner
2499,LOCATION,Almanya
2500,PERSON,Devlet Bakanı
2500,LOCATION,Almanya
2504,PERSON,Taner
2507,LOCATION,Almanya
2509,LOCATION,Almanya
2510,LOCATION,Almanya
2514,PERSON,Taner
2514,LOCATION,Almanya
2516,LOCATION,Türkiye
2516,LOCATION,Almanya
2519,LOCATION,Türkiye
2520,LOCATION,Türkiye
2521,LOCATION,Yarın
2523,LOCATION,Rusya
2524,PERSON,Asya
2524,TIME,pazarını
2525,TIME,pazarını
2526,PERSON,Taner
2529,PERSON,Taner
2531,LOCATION,Almanya
2532,TIME,pazar
2534,PERSON,Demirel
2535,PERSON,Güneş Taner
2537,PERSON,Taner
2537,LOCATION,Akıl
2538,LOCATION,Almanya
2540,PERSON,Güneş Taner
2541,LOCATION,Almanya
2542,LOCATION,Almanya
2544,PERSON,Güneş Taner
2544,LOCATION,Türkiye
2544,LOCATION,Almanya
2544,LOCATION,Düsseldorf
2544,LOCATION,Frankfurt
2545,PERSON,Demirel
2545,LOCATION,GAZ
2549,LOCATION,Dachau
2551,LOCATION,Almanya
2555,LOCATION,Dachau
2555,LOCATION,Almanya
2555,TIME,1945
2555,TIME,1933
2557,LOCATION,Dachau
2558,LOCATION,Gaz
2560,LOCATION,Dachau
2562,LOCATION,Dachau
2564,LOCATION,Dachau
2566,LOCATION,Dachau
2568,LOCATION,Dachau
2575,LOCATION,Dachau
2577,LOCATION,Pazar
2577,TIME,Pazar
2584,TIME,yaz
2587,TIME,yaz
2590,TIME,kış
2593,PERSON,Berna
2593,PERSON,Semra
2593,TIME,yaz
2595,TIME,güz
2599,PERSON,Gerçek
2601,LOCATION,Pazar
2601,TIME,Pazar
2603,LOCATION,İzmir
2603,TIME,Nisan
2603,TIME,18 Nisan 1999
2603,TIME,1999
2603,TIME,18 Nisan
2603,TIME,Nisan 1999 
2604,PERSON,Ege
2604,LOCATION,İzmir
2604,TIME,güz
2605,LOCATION,İzmir
2606,LOCATION,Türkiye
2606,LOCATION,İzmir
2607,LOCATION,Cumhuriyet
2607,LOCATION,İzmir
2610,PERSON,Halit Ziya Uşaklıgil
2610,LOCATION,İzmir
2612,LOCATION,İzmir
2613,TIME,Yaz
2616,PERSON,Ege Palas
2616,LOCATION,Eylül
2616,TIME,Eylül
2616,TIME,9 Eylül
2617,LOCATION,Kültür Park
2618,LOCATION,Aynı
2618,LOCATION,Bursa
2627,LOCATION,İstanbul
2627,LOCATION,Atlantik
2634,LOCATION,Brezilya
2635,TIME,1950
2635,TIME,1998
2635,TIME,yaz
2637,LOCATION,Brezilya
2638,PERSON,Aylin LİVANELİ
2639,PERSON,Hürriyet
2640,LOCATION,Türkiye
2641,LOCATION,Yalnız
2652,TIME,kış
2654,TIME,kış
2659,LOCATION,Türkiye
2664,LOCATION,İsveç
2665,PERSON,Yazık
2665,TIME,Yaz
2670,PERSON,Eser Alptekin
2672,PERSON,Alptekin
2680,LOCATION,Türkiye
2683,PERSON,Evin
2685,ORGANIZATION,Sony
2696,LOCATION,Türkiye
2696,TIME,2000
2698,LOCATION,Hayır
2702,LOCATION,Türkiye
2702,TIME,21. yüzyıla
2704,LOCATION,WILDE
2705,LOCATION,LONDRA
2706,LOCATION,Margaret
2707,LOCATION,Margaret
2708,LOCATION,Margaret
2709,LOCATION,ANKARA
2710,PERSON,e Etki Değerlendirme
2710,LOCATION,ÇAMLIHEMŞİN
2710,LOCATION,Ankara
2710,ORGANIZATION,Hemşin Vakfı
2711,PERSON,Bakanlığı
2711,TIME,Haziran 1998 
2711,TIME,1998
2711,TIME,26 Haziran 1998
2711,TIME,26 Haziran
2711,TIME,Haziran
2712,LOCATION,İSTANBUL
2714,LOCATION,Kenedy Caddesi
2714,LOCATION,Sahil
2714,LOCATION,Çay
2714,LOCATION,Kenedy
2715,PERSON,Arbaş Kuyumculuk
2716,PERSON,Arbaş Kuyumculuk
2717,LOCATION,Kenedy Caddesi
2717,LOCATION,Sahil
2717,LOCATION,Kenedy
2717,TIME,güz
2718,PERSON,Selim GENÇ
2718,LOCATION,GENÇ
2721,LOCATION,Harvey
2724,LOCATION,ABD
2725,LOCATION,Tucson
2725,LOCATION,ABD
2726,TIME,ekim
2729,PERSON,Güneş
2729,TIME,2.6
2731,PERSON,Mehmet AKKAŞ
2731,PERSON,Neşet KARADAĞ
2731,LOCATION,SUMBAS
2731,LOCATION,KARADAĞ
2732,LOCATION,OSMANİYE
2732,LOCATION,Sumbas İlçesi
2734,LOCATION,Reşadiye Köyü
2734,LOCATION,Sumbas İlçesi
2735,LOCATION,Sadık
2737,LOCATION,Sadık
2738,PERSON,Mehmet Üzer
2738,LOCATION,Sadık
2740,PERSON,Önder Güler
2740,PERSON,Mehmet Üzer
2741,LOCATION,Ancak
2742,PERSON,Reyhan Tunca
2742,PERSON,Niyazi Sırık
2742,PERSON,Zeynel Üzer
2742,PERSON,Abdullah Dinç
2742,PERSON,Süleyman Çöllü
2742,LOCATION,Hasan
2742,TIME,yaz
2743,LOCATION,Kadirli
2743,ORGANIZATION,Kadirli Devlet Hastanesi
2745,LOCATION,Kadirli
2745,LOCATION,Osmaniye Belediyesi
2745,LOCATION,Osmaniye
2746,LOCATION,Kadirli
2746,LOCATION,Osmaniye
2747,LOCATION,Almak
2747,LOCATION,Osmaniye
2749,LOCATION,ANKARA
2750,PERSON,İsmail Hakkı Karadayı
2750,LOCATION,Türkiye
2751,PERSON,Orgeneral
2754,PERSON,Sıtkı Aydınel
2754,LOCATION,Türkiye
2755,LOCATION,İSTANBUL
2756,PERSON,Devlet Başkanı
2756,LOCATION,PANAMA
2756,LOCATION,Topkapı Sarayı
2756,LOCATION,Süleymaniye
2757,PERSON,Dora Maria
2757,LOCATION,Topkapı Sarayı
2758,LOCATION,Süleymaniye
2759,LOCATION,Türkiye
2760,PERSON,Ali NAZLAR
2760,LOCATION,EDİRNE
2761,LOCATION,Kurumsal
2761,LOCATION,Edirne
2761,LOCATION,Samsun
2762,LOCATION,Kurumsal
2763,LOCATION,ANKARA
2764,PERSON,Ali Ilıksoy
2764,LOCATION,Anayasa
2765,TIME,yaz
2766,PERSON,Yargı
2766,LOCATION,Anayasa
2766,LOCATION,Ancak
2767,LOCATION,ANKARA
2768,PERSON,Yardımcısı İbrahim
2768,PERSON,Yaşar 
2768,LOCATION,Kütahya
2770,PERSON,Ahmet Kaya
2770,LOCATION,Türkiye
2770,LOCATION,Kaya
2771,LOCATION,Merkez
2774,LOCATION,İSTANBUL
2775,LOCATION,Cumhuriyet
2776,LOCATION,Cumhuriyet
2776,TIME,28 Şubat
2776,TIME,Şubat
2777,PERSON,Yardımcısı
2777,LOCATION,Gül
2777,LOCATION,Cumhuriyet
2779,LOCATION,Eylül
2779,TIME,12 Eylül
2779,TIME,Eylül
2780,PERSON,Vekili
2780,LOCATION,Türkiye
2780,LOCATION,Hasan
2780,LOCATION,Eylül
2780,LOCATION,Güzel
2780,TIME,12 Eylül
2780,TIME,Eylül
2780,TIME,Güz
2782,LOCATION,Eylül
2782,TIME,12 Eylül
2782,TIME,Eylül 1980 
2782,TIME,Eylül
2782,TIME,12 Eylül 1980
2782,TIME,1980
2783,LOCATION,Türkiye
2784,LOCATION,Güzel
2784,LOCATION,Eylül
2784,TIME,12 Eylül
2784,TIME,Eylül
2784,TIME,Güz
2785,LOCATION,Türkiye
2785,LOCATION,Güzel
2785,TIME,28 Şubat
2785,TIME,28 Şubat 1997
2785,TIME,Güz
2785,TIME,Şubat 1997 
2785,TIME,1960
2785,TIME,Şubat
2785,TIME,1997
2787,PERSON,Yardımcısı
2787,LOCATION,Türkiye
2787,LOCATION,Eylül
2787,TIME,12 Eylül
2787,TIME,Eylül 1980 
2787,TIME,Eylül
2787,TIME,12 Eylül 1980
2787,TIME,1980
2789,PERSON,Hakkı Önal
2789,LOCATION,Eylül
2789,TIME,12 Eylül
2789,TIME,Eylül
2790,PERSON,Tayfun Görgün
2790,LOCATION,Eylül
2790,TIME,12 Eylül
2790,TIME,Eylül
2791,LOCATION,İran
2791,ORGANIZATION,Serbest Güreş Milli Takımımız
2792,PERSON,Harun Doğan
2793,LOCATION,Aydın
2794,LOCATION,MERİÇ
2794,LOCATION,TAHRAN
2795,PERSON,Dünya Serbest Güreş Şampiyonası Milli
2795,LOCATION,Türkiye
2795,LOCATION,İRAN
2796,PERSON,Harun Doğan
2796,LOCATION,Aydın
2798,PERSON,Dünya
2798,LOCATION,ABD
2798,LOCATION,İran
2798,LOCATION,Rusya
2799,LOCATION,Türkiye
2800,PERSON,Dünya
2803,LOCATION,Ankara
2803,ORGANIZATION,Serbest Güreş Milli Takımımız
2804,PERSON,Yüksel Şanlı
2804,PERSON,Harun Doğan
2804,LOCATION,İran
2804,LOCATION,Aydın
2804,LOCATION,Aynı
2804,TIME,2000
2806,LOCATION,İstanbul
2807,LOCATION,Ankara
2808,LOCATION,Durham
2810,PERSON,Memduh Öget
2810,PERSON,Mustafa Can
2811,PERSON,Teoman
2811,PERSON,Kerem
2811,PERSON,Selim
2811,PERSON,Orhun
2811,PERSON,Gökhan
2811,LOCATION,Durham
2812,PERSON,Rüçhan
2812,PERSON,Faruk
2812,PERSON,Tamer
2812,PERSON,Onur
2812,PERSON,Nedim
2812,PERSON,Ömer
2812,PERSON,Erdem
2812,LOCATION,BEŞİKTAŞ
2820,TIME,güz
2825,PERSON,Ahmet Gülüm
2825,LOCATION,İstanbul
2825,ORGANIZATION,Voleybol Federasyonu
2825,TIME,Pazarcık
2829,ORGANIZATION,Milli Takımımız
2831,PERSON,Gürsel
2833,PERSON,Dünya Şampiyonası
2833,LOCATION,Japonya
2835,PERSON,İskender
2835,PERSON,Hüseyin
2839,PERSON,Seyit Cem
2839,LOCATION,Yeni
2842,LOCATION,Orta
2845,PERSON,Erdem Akşimşek
2845,LOCATION,Campbell
2846,LOCATION,Campbell
2847,PERSON,Ömer Üründül
2851,PERSON,Metin Diyadin
2851,PERSON,Murat Yakın
2851,LOCATION,Orta
2851,TIME,kış
2853,LOCATION,Karabük
2855,LOCATION,Karabük
2856,TIME,güz
2860,LOCATION,Çanakkale
2863,LOCATION,Parma
2863,LOCATION,Trabzon
2868,PERSON,İlhami Kaplan
2869,LOCATION,Yalnız
2870,PERSON,Kaplan
2873,PERSON,Murat Yakın
2875,PERSON,Hayati
2881,PERSON,Murat Yakın
2882,PERSON,Murat Yakın
2884,PERSON,Murat Yakın
2888,PERSON,Metin
2893,LOCATION,Parma
2895,LOCATION,Ancak
2896,LOCATION,Parma
2897,LOCATION,İSTANBUL
2898,TIME,aralık
2899,TIME,yaz
2900,PERSON,İlknur Kocadağ
2900,PERSON,Kutlu Torunlar
2900,PERSON,Sinan Erdem
2903,LOCATION,Karabük
2904,LOCATION,Orta
2907,PERSON,Murat Yakın
2909,PERSON,Murat Yakın
2912,LOCATION,Karabük
2914,LOCATION,Adam
2919,PERSON,Fener
2919,LOCATION,Parma
2919,LOCATION,Karabük
2923,PERSON,Okan
2923,LOCATION,Hagi
2924,PERSON,Okan
2924,PERSON,Tolunay
2924,PERSON,Tugay
2924,PERSON,Ümit
2926,PERSON,Tolunay
2927,PERSON,Hakan
2927,PERSON,Ümit
2928,LOCATION,Hasan
2931,PERSON,Fatih
2931,PERSON,Ergün
2931,PERSON,Terim
2932,LOCATION,Hasan
2934,PERSON,Fatih
2935,LOCATION,Sürpriz
2935,TIME,kış
2937,PERSON,Murat Ilgaz
2939,LOCATION,Erkek
2939,LOCATION,Antalya
2939,ORGANIZATION,Erkek Milli Takımımız
2942,LOCATION,Eylül
2942,LOCATION,Belçika
2942,LOCATION,Ay
2942,LOCATION,Bursa
2942,TIME,19 Eylül
2942,TIME,Eylül
2943,LOCATION,Yunanistan
2944,PERSON,Barış
2944,PERSON,Hakan
2944,PERSON,Cengizhan
2944,PERSON,Ufuk
2944,PERSON,Mehmet
2944,PERSON,Aykut
2944,PERSON,Osman
2944,PERSON,Kenan
2944,PERSON,Emrah
2944,PERSON,Gökhan
2944,PERSON,Erkan
2944,PERSON,Şahin
2947,LOCATION,Erzurum
2951,LOCATION,Yarın
2951,LOCATION,İtalya
2954,PERSON,Hikmet Karaman
2954,LOCATION,Karaman
2955,LOCATION,Karaman
2956,PERSON,Doğan KOLOĞLU
2957,PERSON,Ümit
2959,PERSON,Fatih Terim
2961,LOCATION,Erzurum
2964,LOCATION,Erzurum
2965,PERSON,Fatih
2965,PERSON,Tolunay
2965,PERSON,Ümit
2969,PERSON,Hakan
2969,PERSON,Vedat
2971,PERSON,Ümit
2974,PERSON,Vedat
2975,LOCATION,Ancak
2982,PERSON,Muzaffer
2987,LOCATION,Türkiye
2989,PERSON,Hakan
2992,PERSON,Ülker
2992,PERSON,Hüseyin
2993,TIME,yaz
2994,PERSON,Haluk Yeşiloğlu
2994,PERSON,Recep Ankaralı
2995,PERSON,Ali Hodzic
2995,LOCATION,Anderson
2995,LOCATION,Serdar
2996,TIME,39.16
2997,PERSON,Süleyman Seba
2999,LOCATION,KARTAL
3000,PERSON,Süleyman Seba
3000,LOCATION,BEŞİKTAŞ
3001,PERSON,Seba
3002,LOCATION,Ancak
3003,PERSON,Seba
3004,PERSON,Galli 
3005,PERSON,İnönü Stadı
3005,PERSON,Dünya Karması
3005,PERSON,Galli 
3005,LOCATION,Trnava
3005,LOCATION,Bursa
3005,ORGANIZATION,Futbol Federasyonu
3005,TIME,yaz
3006,PERSON,Kadir Akbulut
3006,TIME,yaz
3007,LOCATION,Eylül
3007,TIME,Eylül
3007,TIME,16 Eylül
3010,LOCATION,İstanbul
3012,LOCATION,Erzurum
3013,PERSON,Muzaffer
3014,LOCATION,Hasan
3015,LOCATION,Hasan
3016,PERSON,Hakan
3017,LOCATION,Hagi
3018,PERSON,Tugay
3019,PERSON,Arif
3020,PERSON,Tolunay
3021,PERSON,Fatih Terim
3022,PERSON,Hakan
3024,PERSON,Hakan
3024,PERSON,Fatih
3024,TIME,ekim
3026,TIME,ekim
3027,PERSON,Tugay
3030,PERSON,Ebu Nidal
3030,TIME,temmuz
3031,PERSON,Nidal
3031,LOCATION,Kahire
3031,LOCATION,Almanya
3033,PERSON,Ebu Nidal
3033,LOCATION,Mısır
3033,TIME,ağustos
3034,PERSON,Ebu Nidal
3034,LOCATION,Mısır
3035,PERSON,Ebu Nidal
3035,LOCATION,Kahire
3035,LOCATION,Mısır
3036,PERSON,Ebu Nidal
3037,PERSON,Taki BERBERAKİS
3038,LOCATION,Çin
3039,LOCATION,Ağustos
3039,LOCATION,Rusya
3039,LOCATION,Kıbrıs
3039,LOCATION,Türkiye
3039,LOCATION,Ada
3039,LOCATION,Çin
3039,TIME,Ağustos
3040,LOCATION,Türkiye
3040,LOCATION,Çin
3041,LOCATION,Türkiye
3041,LOCATION,İsrail
3041,LOCATION,Ankara
3041,LOCATION,Çin
3042,LOCATION,İRAN
3042,LOCATION,Afganistan
3043,PERSON,Muhammed Hatemi
3043,LOCATION,İran
3044,LOCATION,Afganistan
3045,LOCATION,İran
3046,LOCATION,İran
3047,LOCATION,İran
3047,LOCATION,Afganistan
3048,LOCATION,İran
3048,LOCATION,Afganistan
3049,LOCATION,Serdar
3050,PERSON,Atatürk Kültür Merkezi
3050,LOCATION,Kanada
3053,LOCATION,Asil
3053,LOCATION,Tanrı
3054,LOCATION,Kükürt
3054,LOCATION,Kırıkkale
3054,LOCATION,İzmir
3054,TIME,2002
3054,TIME,65.6
3054,TIME,03.1
3054,TIME,2000
3055,TIME,2001
3056,TIME,4.8
3056,TIME,47.5
3057,TIME,8.1
3059,TIME,2000
3060,TIME,41.7
3061,PERSON,Ergun Kuran
3061,LOCATION,Kuran
3062,LOCATION,Kuran
3063,LOCATION,Parma
3064,LOCATION,Parma
3064,LOCATION,Karabük
3065,LOCATION,Parma
3066,PERSON,Alman 
3066,LOCATION,Parma
3067,PERSON,Muhteşem
3067,LOCATION,Parma
3067,LOCATION,Karabük
3068,PERSON,Rüştü
3068,LOCATION,Parma
3070,PERSON,Rüştü
3071,LOCATION,Parma
3073,LOCATION,Parma
3074,LOCATION,İstanbul
3074,LOCATION,Parma
3075,PERSON,Abdullah KARAKUŞ
3075,LOCATION,ANKARA
3076,PERSON,P 
3076,TIME,1998
3077,LOCATION,Sakarya
3078,LOCATION,Sakarya
3079,PERSON,Kutan
3079,PERSON,Şiir
3081,PERSON,Ayrıca 
3083,PERSON,Çelik
3084,LOCATION,Büyükşehir Belediyesi
3084,LOCATION,Ankara
3086,PERSON,Zeki Çelik
3088,PERSON,Melih Gökçek
3089,PERSON,Sema Küçüksöz
3092,PERSON,Duygu ASENA
3094,LOCATION,Şırnak
3095,PERSON,Doğu
3099,PERSON,Yardımcısı
3099,LOCATION,Şırnak
3100,LOCATION,Şırnak
3101,LOCATION,Ağrı
3103,LOCATION,Adıyaman
3103,LOCATION,Şırnak
3104,LOCATION,Adıyaman
3104,LOCATION,Şırnak
3106,LOCATION,Şırnak
3106,TIME,1950
3110,PERSON,Arif Keskiner
3115,PERSON,Sema Küçüksöz
3116,PERSON,Dinç ÇOBAN
3116,PERSON,Süleyman ÖZIŞIK
3116,PERSON,Berk ALTINIŞIK
3116,PERSON,Ahmet DUMANLI
3116,LOCATION,İZMİR
3116,LOCATION,İSTANBUL
3117,LOCATION,İSTANBUL
3119,TIME,aralık
3120,LOCATION,Yakacık
3120,LOCATION,Orman
3121,LOCATION,Yakacık
3121,LOCATION,Kartal
3121,TIME,17.00
3121,TIME,yaz
3122,LOCATION,Orman
3128,PERSON,Çevik Kuvvet Şube Müdürlüğü
3128,PERSON,k Kuvvet Şube
3131,LOCATION,Kartal
3133,LOCATION,Yakacık
3133,LOCATION,Kartal
3133,LOCATION,Ancak
3133,LOCATION,Orman
3134,LOCATION,İstanbul
3134,LOCATION,Büyükşehir Belediyesi
3135,PERSON,Yalın
3137,LOCATION,İstanbul
3137,TIME,13.30
3137,TIME,Ocak
3139,TIME,14.30
3141,PERSON,Güney Kampusu
3141,ORGANIZATION,Boğaziçi Üniversitesi
3141,TIME,16.00
3144,TIME,16.30
3145,PERSON,Gazi Mahallesi
3145,LOCATION,Gazi Mahallesi
3145,TIME,19.30
3145,TIME,18.00
3146,PERSON,Gazi Mezarlığı
3146,LOCATION,Gazi Mezarlığı
3148,LOCATION,Yeni
3148,LOCATION,İzmir
3151,PERSON,Azim Haydari
3152,LOCATION,Mentor
3155,LOCATION,Kültür Sarayı 
3155,LOCATION,Tiran
3159,LOCATION,Tiran
3159,ORGANIZATION,Başbakanlık
3160,LOCATION,Polis
3162,PERSON,Devlet Başkanı
3164,LOCATION,Polis
3167,PERSON,Erdal Acar
3168,PERSON,Selim GENÇ
3168,LOCATION,GENÇ
3169,PERSON,Demet Şener
3169,LOCATION,Türkiye
3169,TIME,Güz
3170,PERSON,Şener
3170,TIME,güz
3171,PERSON,Erdal Acar
3171,LOCATION,Türkiye
3171,TIME,kış
3172,PERSON,Erdal Acar
3175,PERSON,Kerim
3175,PERSON,Şener Şen
3178,LOCATION,Yarım
3179,PERSON,Nazım ALPMAN
3180,LOCATION,EDESSA
3181,LOCATION,Şanlıurfa
3183,LOCATION,Şanlıurfa
3188,PERSON,Su
3189,TIME,yaz
3197,PERSON,Hüseyin Kırcalı
3200,LOCATION,Sola
3201,PERSON,Şener Şen
3203,PERSON,Şener Şen
3206,PERSON,Şener
3207,PERSON,Hüseyin Kırcalı
3207,PERSON,Şener Şen
3211,LOCATION,Hayır
3212,PERSON,Abbas Sümer
3215,PERSON,Atatürk
3215,PERSON,Sümer
3216,PERSON,Ağa
3216,PERSON,Şener
3217,PERSON,Onurlu Eşkıya Hoşgeldin
3217,TIME,yaz
3222,PERSON,Şener Şen
3224,LOCATION,Ancak
3225,PERSON,İlyas Salman
3229,LOCATION,Köy
3230,PERSON,Şener Şen
3231,PERSON,Kerim
3231,PERSON,Şener Şen
3233,PERSON,Kerim
3234,PERSON,Kerim Üzümcü
3236,PERSON,Mimar Sinan
3238,PERSON,Kerim
3242,PERSON,Şener Şen
3243,LOCATION,HARRAN
3244,PERSON,Vergi Reform Yasası
3245,LOCATION,Ancak
3246,PERSON,Harun GÜREK
3246,LOCATION,ANKARA
3248,LOCATION,Türkiye
3248,LOCATION,Rusya
3249,LOCATION,Eylül
3249,TIME,Eylül
3250,LOCATION,Borsa
3250,LOCATION,Ağustos
3250,LOCATION,Rusya
3250,TIME,Ağustos
3251,LOCATION,Eylül
3251,TIME,1 Eylül
3251,TIME,Eylül
3252,PERSON,Hazine
3253,PERSON,Vergi Reform Yasası
3253,LOCATION,Eylül
3253,TIME,Eylül
3253,TIME,Temmuz
3255,TIME,1999
3256,PERSON,Hazine
3256,LOCATION,Türkiye
3256,LOCATION,Eylül
3256,TIME,kış
3256,TIME,Eylül
3256,TIME,2 Eylül
3257,PERSON,Hazine
3257,LOCATION,Eylül
3257,TIME,Eylül
3257,TIME,15 Eylül
3257,TIME,29 Eylül
3259,LOCATION,Eylül
3259,LOCATION,Ağustos
3259,LOCATION,Rusya
3259,TIME,kış
3259,TIME,Eylül
3259,TIME,Ağustos
3260,LOCATION,İzmir
3260,TIME,yaz
3261,PERSON,Tayfur
3261,PERSON,Okan
3261,PERSON,Sinan
3262,PERSON,Oktay
3262,PERSON,Nihat
3262,TIME,yaz
3263,LOCATION,Kartal
3263,LOCATION,Ancak
3263,LOCATION,Trnava
3264,PERSON,Ali Rıza Çakmak
3265,PERSON,Ali Eren
3265,LOCATION,Aydın
3265,LOCATION,BEŞİKTAŞ
3266,PERSON,Mutlu
3266,PERSON,Hikmet
3266,PERSON,Yasin
3266,PERSON,Savaş
3267,PERSON,Tunahan
3267,PERSON,Turan
3267,PERSON,Erkan
3267,PERSON,Ünal
3267,PERSON,Mustafa
3267,PERSON,Selim
3267,PERSON,Murat
3267,PERSON,Okan
3267,PERSON,Sinan
3267,PERSON,Şenol
3267,PERSON,Deniz
3268,PERSON,Taner
3268,PERSON,Engin
3268,PERSON,Ender
3268,PERSON,Şaban
3269,LOCATION,SARI
3271,LOCATION,Yeşil
3271,TIME,yaz
3273,PERSON,Fevzi
3274,PERSON,Fevzi
3274,PERSON,Rahim
3275,PERSON,Bülent Uzun
3275,LOCATION,Genç
3276,PERSON,Hakan
3276,PERSON,Fevzi
3277,LOCATION,Türkiye
3278,PERSON,Yusuf ÖZKAN
3278,LOCATION,TRABZON
3279,PERSON,Deniz Baykal
3279,LOCATION,Türkiye
3280,PERSON,Bülent Ecevit
3280,PERSON,Doğu Karadeniz
3280,PERSON,Doğu Anadolu
3280,LOCATION,Türkiye
3280,LOCATION,Trabzon
3280,TIME,1998
3281,TIME,1998
3282,PERSON,Baykal
3283,PERSON,Tek
3283,PERSON,Baykal
3284,PERSON,Baykal
3285,LOCATION,Rize
3285,LOCATION,Trabzon
3286,PERSON,Baykal
3286,LOCATION,Çay
3287,PERSON,Baykal
3288,PERSON,Bayrak
3289,LOCATION,Maçka
3290,PERSON,Baykal
3291,LOCATION,Atatürk Parkı
3291,LOCATION,Maçka
3292,PERSON,Baykal
3293,LOCATION,Maçka
3293,ORGANIZATION,Maçka Kültür Vakfı
3294,PERSON,Yıldız
3297,PERSON,Sakıp Sabancı
3297,LOCATION,Türkiye
3297,TIME,kış
3298,PERSON,İhsan YILMAZ
3298,LOCATION,İSTANBUL
3299,PERSON,Sakıp Sabancı
3299,LOCATION,New York
3299,LOCATION,ABD
3299,LOCATION,York
3299,LOCATION,Altın
3301,LOCATION,Clinton
3301,TIME,kış
3302,PERSON,Sakıp Sabancı
3302,LOCATION,Türkiye
3302,LOCATION,ABD
3303,PERSON,İstemihan Talay
3303,PERSON,Atatürk Havalimanı
3304,PERSON,Talay
3304,LOCATION,Türkiye
3305,LOCATION,ABD
3305,TIME,güz
3306,LOCATION,Clinton
3307,LOCATION,ABD
3308,PERSON,Yavaş
3308,LOCATION,Türkiye
3308,LOCATION,ABD
3308,TIME,kış
3308,TIME,güz
3309,LOCATION,İstanbul
3309,LOCATION,Büyükşehir Belediye 
3310,LOCATION,Clinton
3311,PERSON,Seçim
3313,PERSON,Seçim
3314,LOCATION,Türkiye
3314,LOCATION,Yeni
3314,LOCATION,Rusya
3315,PERSON,Kuzey Kıbrıs Türk Cumhuriyeti
3315,LOCATION,Kıbrıs
3315,LOCATION,KIBRIS
3316,TIME,07.00
3321,TIME,kış
3324,LOCATION,İZMİR
3325,PERSON,Devrim Akkaya
3325,PERSON,Tuncay Bilgin
3325,PERSON,Rifat Akkaya
3326,LOCATION,Aydın
3326,LOCATION,Kuşadası
3326,ORGANIZATION,Doğan Holding
3327,LOCATION,Genç
3327,LOCATION,Kuşadası
3328,PERSON,Ahmet Priştina
3328,PERSON,Hakan Tartan
3328,PERSON,Rifat Akkaya
3328,LOCATION,İzmir
3332,PERSON,Yılmaz
3332,LOCATION,Ancak
3337,PERSON,Bülent Akyazıcı
3337,TIME,yaz
3338,PERSON,Zafer ARAPKİRLİ
3338,LOCATION,LONDRA
3339,LOCATION,ABD
3339,LOCATION,Clinton
3340,LOCATION,Beyaz Saray
3340,TIME,yaz
3341,LOCATION,Beyaz Saray
3341,LOCATION,Clinton
3341,TIME,yaz
3342,TIME,yaz
3343,LOCATION,Beyaz Saray
3343,LOCATION,Elizabeth
3343,TIME,yaz
3346,LOCATION,Clinton
3349,LOCATION,Clinton
3351,LOCATION,Clinton
3354,LOCATION,Clinton
3355,LOCATION,Clinton
3357,LOCATION,Clinton
3358,LOCATION,Clinton
3359,LOCATION,ABD
3360,LOCATION,Blythe
3360,LOCATION,Virginia
3360,LOCATION,Clinton
3361,LOCATION,Virginia
3361,LOCATION,Clinton
3362,LOCATION,Leon
3362,LOCATION,Blythe
3362,LOCATION,Baba
3362,LOCATION,Virginia
3362,TIME,1935
3363,LOCATION,Hamilton
3363,LOCATION,Blythe
3363,TIME,1938
3364,TIME,1940
3366,LOCATION,Blythe
3367,LOCATION,Blythe
3367,LOCATION,Virginia
3368,LOCATION,Chicago
3368,LOCATION,Blythe
3369,LOCATION,Clinton
3370,LOCATION,Clinton
3371,LOCATION,Clinton
3372,LOCATION,Clinton
3374,LOCATION,Clinton
3375,LOCATION,Clinton
3376,LOCATION,Clinton
3377,LOCATION,Clinton
3377,LOCATION,Blythe
3377,LOCATION,Jefferson
3378,LOCATION,Clinton
3379,LOCATION,Clinton
3380,LOCATION,Clinton
3381,LOCATION,Clinton
3382,PERSON,Kasım
3382,TIME,17 Kasım
3382,TIME,Kasım
3383,PERSON,Kasım Cuma
3383,TIME,17 Kasım
3383,TIME,Kasım
3383,TIME,Cuma
3388,LOCATION,Currie
3388,LOCATION,Oval
3389,LOCATION,Currie
3391,LOCATION,Currie
3395,LOCATION,Currie
3403,LOCATION,Beyaz Saray
3403,TIME,yaz
3403,TIME,9:38
3403,TIME,10:14
3404,TIME,10:14
3404,TIME,Aralık
3404,TIME,31 Aralık
3404,TIME,9:53
3406,LOCATION,Beyaz Saray
3406,TIME,pazar
3406,TIME,Aralık 1995 
3406,TIME,31 Aralık
3406,TIME,yaz
3406,TIME,1:16
3406,TIME,31 Aralık 1995
3406,TIME,Aralık
3406,TIME,1995
3407,LOCATION,Oval
3407,TIME,12:11
3411,TIME,7 Ocak
3411,TIME,Ocak
3412,TIME,pazar
3412,TIME,7 Ocak
3412,TIME,Ocak
3418,LOCATION,Ancak
3420,PERSON,Oval Ofis
3420,LOCATION,Oval
3421,PERSON,Birgün
3422,TIME,21 Ocak
3422,TIME,Ocak
3423,TIME,pazar
3423,TIME,21 Ocak
3423,TIME,Ocak
3423,TIME,1996
3423,TIME,21 Ocak 1996
3423,TIME,Ocak 1996 
3424,LOCATION,Oval
3433,LOCATION,Oval
3436,PERSON,Yeter
3441,PERSON,Atatürk Barajı
3448,PERSON,Doğu
3448,PERSON,Batı
3449,PERSON,Yeter
3450,TIME,1941
3452,LOCATION,Ancak
3453,TIME,1968
3457,LOCATION,Köy
3458,PERSON,Abbas Sümer
3458,TIME,ekim
3459,LOCATION,Hollanda
3462,TIME,pazara
3463,LOCATION,Yeni
3468,PERSON,Gün
3471,PERSON,Yeter
3473,LOCATION,Houston
3475,PERSON,Dünya Enerji Konseyi
3476,PERSON,Yardımcısı
3476,PERSON,Güney Afrika
3476,PERSON,Devlet Başkanı
3476,LOCATION,Arjantin
3476,LOCATION,Güney Afrika
3476,LOCATION,ABD
3476,LOCATION,Clinton
3477,PERSON,Süleyman Demirel
3479,PERSON,Dünya Enerji Konseyi
3479,LOCATION,Kömür
3479,LOCATION,ABD
3479,LOCATION,Güney Kore
3479,LOCATION,Hindistan
3479,LOCATION,Japonya
3479,LOCATION,Fransa
3479,LOCATION,Almanya
3479,LOCATION,Kore
3479,LOCATION,Çin
3479,TIME,1.7
3479,TIME,1993
3479,TIME,0.5
3479,TIME,1992
3479,TIME,1991
3479,TIME,2.5
3479,TIME,7.6
3479,TIME,3.2
3479,TIME,0.2
3479,TIME,2.6
3479,TIME,yaz
3479,TIME,pazarlarda
3479,TIME,7.2
3479,TIME,2.9
3479,TIME,10.4
3479,TIME,pazarlarında
3479,TIME,1994
3481,PERSON,Mustafa ÖZDEMİR
3481,PERSON,Hatice GÜREL
3481,LOCATION,EREĞLİ
3482,PERSON,Mesut Yılmaz
3482,PERSON,Deniz Baykal
3483,PERSON,Yılmaz
3483,PERSON,Baykal
3483,PERSON,Önemli
3483,TIME,99 Mart
3483,TIME,Mart
3483,TIME,Nisan
3483,TIME,2000
3483,TIME,00 Nisan
3483,TIME,1999
3483,TIME,00 Mart
3484,PERSON,Karadeniz
3484,PERSON,Yılmaz
3484,PERSON,Baykal
3484,PERSON,Seçim
3484,LOCATION,Anayasa
3484,TIME,1999
3485,LOCATION,Anayasa
3487,PERSON,Yılmaz
3487,PERSON,Baykal
3488,PERSON,Mesut Yılmaz
3488,PERSON,Mahmut Yıldırım
3488,LOCATION,Yeşil
3488,TIME,mart
3488,TIME,Cumartesi
3489,PERSON,Tansu Çiller
3490,PERSON,Yılmaz
3491,PERSON,Erdemir
3492,PERSON,Mesut Yılmaz
3492,PERSON,Çelik İşletmeleri
3492,LOCATION,Ereğli
3493,PERSON,Yılmaz
3493,PERSON,Erdemir
3495,PERSON,Yılmaz
3496,PERSON,Erdemir
3497,PERSON,Tanju Argun
3497,PERSON,Fahrettin Gülener
3497,PERSON,Vehbi Gülener
3497,LOCATION,Argun
3497,TIME,1963
3498,PERSON,Çelik Tesisleri
3498,LOCATION,İskenderun
3498,LOCATION,Argun
3499,TIME,1998
3499,TIME,1998-1999
3499,TIME,1999
3501,TIME,yaz
3502,LOCATION,Yeni
3504,LOCATION,Cumhuriyet
3505,LOCATION,Cumhuriyet
3508,PERSON,Öncesi 
3508,PERSON,Sağlık Meslek Liseleri
3508,LOCATION,Uluslararası İlişkiler 
3508,LOCATION,Amasya
3508,LOCATION,Eylül
3508,LOCATION,Yeni
3508,LOCATION,Halen
3508,LOCATION,Ankara
3508,ORGANIZATION,Çocuk Esirgeme Kurumu
3508,ORGANIZATION,Milli Eğitim Bakanlığı
3508,ORGANIZATION,Sağlık Meslek Liseleri
3508,ORGANIZATION,Dünya Bankası
3508,TIME,22 Eylül
3508,TIME,1998
3508,TIME,1998-1999
3508,TIME,1999
3508,TIME,Eylül
3508,TIME,Ekim
3508,TIME,Aralık
3508,TIME,Kasım
3508,TIME,17 Eylül
3508,TIME,16 Kasım
3509,TIME,1998
3509,TIME,1998-1999
3509,TIME,1999
3511,TIME,yaz
3513,PERSON,Kerim
3513,PERSON,Şener Şen
3516,LOCATION,Yarım
3517,PERSON,Sakıp Sabancı
3517,LOCATION,Türkiye
3517,TIME,kış
3518,PERSON,Sema Küçüksöz
3521,PERSON,Yeter
3522,LOCATION,İstanbul
3526,LOCATION,Kıbrıs
3527,PERSON,Bakanı
3528,PERSON,Afet İşleri
3528,LOCATION,TRABZON
3530,LOCATION,Yakacık
3530,LOCATION,İstanbul
3531,LOCATION,Yakacık
3532,PERSON,Dilek Güroluk
3532,LOCATION,Rize
3534,PERSON,Ali Bin Al Hüseyin
3534,LOCATION,Ürdün
3535,PERSON,Ali
3535,LOCATION,Kahramanmaraş
3536,PERSON,Ali Sezal
3536,LOCATION,Kahramanmaraş
3538,TIME,1959
3541,PERSON,Dünya Enerji Konseyi
3542,LOCATION,ABD
3543,PERSON,Vergi Reform Yasası
3544,LOCATION,Ancak
3545,LOCATION,İzmir
3545,TIME,2002
3545,TIME,65.6
3545,TIME,03.1
3546,LOCATION,Türkiye
3546,TIME,pazarlarına
3548,LOCATION,Bursa
3549,LOCATION,Hollanda
3549,LOCATION,Marshall
3550,LOCATION,Marshall
3552,ORGANIZATION,YARGITAY
3553,PERSON,Devlet İstatistik Enstitüsü
3553,ORGANIZATION,Devlet İstatistik Enstitüsü
3554,TIME,2000
3555,TIME,1998
3555,TIME,29.8
3556,PERSON,Dünya
3557,PERSON,Karadeniz Bakır İşletmeleri
3558,LOCATION,İstanbul
3558,LOCATION,Çanakkale
3560,ORGANIZATION,YARGITAY
3561,PERSON,Devlet İstatistik Enstitüsü
3561,ORGANIZATION,Devlet İstatistik Enstitüsü
3562,LOCATION,Montreal
3563,LOCATION,Türkiye
3563,LOCATION,Eskişehir
3563,LOCATION,King
3563,TIME,12 Ekim
3563,TIME,Ekim
3565,PERSON,Sanat Yönetmeni
3565,PERSON,Erkal Yavi
3565,PERSON,Ferit Edgü
3566,PERSON,Sanat
3567,TIME,Yaz
3569,PERSON,Fazilet Partisi
3569,PERSON,Tansu Çiller
3570,PERSON,Erdal Acar
3571,PERSON,Atatürk Kültür Merkezi
3571,LOCATION,Kanada
3572,PERSON,Devrim Akkaya
3572,PERSON,Tuncay Bilgin
3572,PERSON,Rifat Akkaya
3576,LOCATION,TEM Otoyolu
3577,PERSON,Mehmet Özdemir
3577,TIME,02.00
3578,LOCATION,Orman
3581,PERSON,Yıldırım Mahallesi
3581,PERSON,Yılmaz Keser
3581,LOCATION,Yengeç Sokak
3581,LOCATION,Yıldırım Mahallesi
3581,TIME,21.00
3582,PERSON,Sibel Can
3583,PERSON,Güngör Bayrak
3585,LOCATION,Türkiye
3586,PERSON,P 
3586,TIME,1998
3587,PERSON,Necdet Calp
3587,LOCATION,Eylül
3587,TIME,12 Eylül
3587,TIME,Eylül
3589,PERSON,Yardımcısı
3589,TIME,Nisan
3589,TIME,18 Nisan 1999
3589,TIME,1999
3589,TIME,18 Nisan
3589,TIME,Nisan 1999 
3590,PERSON,Mesut Yılmaz
3590,PERSON,Deniz Baykal
3590,PERSON,Hüsamettin Cindoruk
3591,PERSON,Yardımcısı
3591,TIME,Nisan
3591,TIME,18 Nisan 1999
3591,TIME,1999
3591,TIME,18 Nisan
3591,TIME,Nisan 1999 
3592,PERSON,Süleyman Demirel
3593,PERSON,Yörük Bayramı
3593,LOCATION,Bilecik
3593,LOCATION,Söğüt
3594,PERSON,Afet İşleri
3594,LOCATION,TRABZON
3595,PERSON,Halil İbrahim Özsoy
3595,PERSON,Dünya Sağlık Örgütü
3595,LOCATION,Danimarka
3595,LOCATION,Kopenhag
3596,PERSON,Tansu Çiller
3596,PERSON,Refah Partisi
3596,LOCATION,Kütahya
3598,PERSON,Yardımcısı
3599,LOCATION,Sahil
3600,LOCATION,İzmir
3600,TIME,yaz
3601,PERSON,Tayfur
3602,LOCATION,Parma
3603,LOCATION,Parma
3603,LOCATION,Karabük
3605,PERSON,M
3606,TIME,çarşamba
3607,PERSON,Fatih Terim
3607,LOCATION,Erzurum
3608,PERSON,Terim
3609,TIME,Kasım
3610,PERSON,Konuk
3611,TIME,Kasım
3612,PERSON,Bekir
3612,PERSON,Nedim
3612,LOCATION,Hatay
3612,TIME,yaz
3613,PERSON,Bekir
3614,PERSON,Gökhan
3614,PERSON,Kenan
3616,PERSON,Engin
3616,PERSON,Mert
3617,PERSON,Aygün
3617,LOCATION,Sakarya
3618,ORGANIZATION,Futbol Federasyonu
3620,PERSON,Gürcan BİLGİÇ
3622,PERSON,Bilal MEŞE
3623,PERSON,Feyyaz Uçar
3623,TIME,yaz
3624,LOCATION,ABD
3624,LOCATION,Clinton
3626,PERSON,Cem
3626,LOCATION,Tahran
3626,LOCATION,Yunanistan
3626,LOCATION,İran
3627,PERSON,Azim Haydari
3628,LOCATION,İRAN
3628,LOCATION,Afganistan
3629,PERSON,Kuzey Kıbrıs Türk Cumhuriyeti
3629,LOCATION,Kıbrıs
3629,LOCATION,KIBRIS
3630,TIME,07.00
3631,LOCATION,AZERBAYCAN
3631,LOCATION,Merkez
3631,LOCATION,Bakü
3631,ORGANIZATION,Demokratik Kuruluşlar
3631,TIME,11 Ekim
3631,TIME,Ekim
3632,LOCATION,ALMANYA
3632,LOCATION,Almanya
3634,PERSON,Dilek Güroluk Hidroelektrik
3634,LOCATION,Rize
3636,TIME,yaz
3637,LOCATION,Genç
3640,LOCATION,Kıbrıs
3641,PERSON,Abdullah Öcalan
3641,TIME,yaz
3642,LOCATION,Irak
3650,PERSON,Yerel Gündem
3650,LOCATION,İzmir
3651,PERSON,Konak
3651,LOCATION,İzmir
3652,TIME,1.8
3652,TIME,83.4
3653,TIME,14.8
3654,TIME,56.6
3654,TIME,38.4
3655,TIME,63.8
3657,TIME,64.3
3657,TIME,35.3
3659,PERSON,Aslı YILMAZ
3659,LOCATION,TRABZON
3660,PERSON,Afet İşleri
3660,LOCATION,TRABZON
3661,PERSON,Hüseyin Tirgil
3661,PERSON,Afet İşleri
3661,TIME,1990
3662,PERSON,Afet
3663,PERSON,Gürkan ATA
3663,LOCATION,ERZURUM
3664,TIME,1959
3666,PERSON,Yardımcısı
3666,LOCATION,Yakutiye Belediyesi
3666,TIME,2000
3666,TIME,1959
3666,TIME,1950
3668,PERSON,Ata
3668,PERSON,Ayna
3669,LOCATION,İSTANBUL
3671,LOCATION,Yakacık
3671,LOCATION,İstanbul
3672,LOCATION,Yakacık
3673,TIME,13.30
3673,TIME,Ocak
3675,LOCATION,Kartal
3675,LOCATION,Orman
3676,PERSON,n Tarla Mevkii
3676,TIME,14.30
3677,LOCATION,Kartal
3679,PERSON,Ulus
3680,LOCATION,Yakacık
3681,LOCATION,Orman
3684,PERSON,Kemal ÇELİK
3684,LOCATION,BATMAN
3688,PERSON,Öztürk Şimşek
3688,LOCATION,Temel
3692,PERSON,Ali Bin Al Hüseyin
3692,LOCATION,Ürdün
3693,PERSON,Ali
3693,LOCATION,Kahramanmaraş
3694,LOCATION,Kahramanmaraş
3695,PERSON,Mehmet Kambur
3697,PERSON,Ali
3697,PERSON,Kılıç
3699,PERSON,Efe ERDEM
3700,PERSON,Aykut
3700,LOCATION,BEYKOZ
3701,LOCATION,Dostluk
3701,LOCATION,Orman
3702,PERSON,Aykut
3702,LOCATION,Ancak
3702,LOCATION,Orman
3702,TIME,kış
3703,PERSON,Aykut
3704,PERSON,Ersin Taranoğlu
3704,LOCATION,Dostluk
3704,LOCATION,Orman
3704,TIME,30 Ekim
3704,TIME,Ekim
3706,PERSON,Aykut
3707,TIME,yaz
3709,PERSON,Arife AVCU
3713,LOCATION,Türkiye
3715,LOCATION,Türkiye
3716,PERSON,Tek
3716,PERSON,Mahmut
3718,LOCATION,Kaya
3718,LOCATION,Dalkuru Köyü
3719,PERSON,Hüseyin Kaya
3719,LOCATION,Kaya
3719,LOCATION,Siirt
3720,LOCATION,Kaya
3721,PERSON,Devlet
3721,LOCATION,Kaya
3721,LOCATION,Siirt
3722,PERSON,Adile
3722,LOCATION,Kaya
3723,PERSON,Adile Kaya
3723,LOCATION,Kaya
3724,PERSON,Zehra GüNGöR
3725,LOCATION,Hollanda
3725,LOCATION,Marshall
3726,LOCATION,Marshall
3727,PERSON,Feridun Uzunyol
3727,LOCATION,Marshall
3728,PERSON,Feridun Uzunyol
3729,PERSON,Feridun Uzunyol
3729,LOCATION,Marshall
3730,LOCATION,Marshall
3738,LOCATION,Marshall
3739,LOCATION,Yeni
3743,TIME,1954
3744,ORGANIZATION,Akzo Nobel
3748,LOCATION,Türkiye
3749,LOCATION,Türkiye
3750,LOCATION,Marshall
3751,LOCATION,Marshall
3754,PERSON,Aile
3757,LOCATION,Türkiye
3766,LOCATION,Kocaeli
3768,LOCATION,Marshall
3770,LOCATION,Marshall
3776,TIME,1.5
3782,LOCATION,Türkiye
3785,PERSON,Batı
3791,PERSON,Kimya
3793,LOCATION,Türkiye
3794,LOCATION,Türkiye
3795,LOCATION,Adam
3800,TIME,1990
3804,LOCATION,Türkiye
3806,LOCATION,Türkiye
3811,TIME,güz
3812,LOCATION,Türkiye
3812,TIME,2.7
3813,LOCATION,Yunanistan
3813,LOCATION,ABD
3813,LOCATION,Portekiz
3814,LOCATION,Marshall
3815,LOCATION,Marshall
3815,TIME,1954
3817,LOCATION,Marshall
3818,TIME,1968
3820,TIME,1991
3821,TIME,1997
3822,LOCATION,Türkiye
3823,LOCATION,Marshall
3824,ORGANIZATION,Akzo Nobel
3826,LOCATION,Türkiye
3828,PERSON,Feridun Uzunyol
3829,LOCATION,Çanakkale
3830,LOCATION,Çanakkale
3834,LOCATION,Türkiye
3834,TIME,pazarlarına
3836,LOCATION,Türkiye
3836,LOCATION,Eylül
3836,LOCATION,Bursa
3836,TIME,pazarına
3836,TIME,Eylül
3836,TIME,25 Eylül
3837,TIME,1999
3838,LOCATION,Türkiye
3838,ORGANIZATION,Renault
3839,LOCATION,Türkiye
3839,TIME,pazarında
3841,LOCATION,Fethiye
3847,LOCATION,Türkiye
3847,TIME,pazar
3848,LOCATION,Eylül
3848,TIME,Eylül
3848,TIME,25 Eylül
3849,PERSON,Ersan ATAR
3849,LOCATION,ATAR
3849,LOCATION,ANKARA
3850,ORGANIZATION,YARGITAY
3851,PERSON,Devlet
3852,ORGANIZATION,Yargıtay
3852,TIME,3095
3853,LOCATION,Ticaret
3854,PERSON,Yasa
3855,LOCATION,Merkez
3855,ORGANIZATION,Merkez Bankası
3856,LOCATION,Ancak
3859,TIME,5 Nisanlar
3859,TIME,Nisan
3860,TIME,5 Nisan
3860,TIME,Nisan
3861,TIME,Nisan
3861,TIME,Nisan 1994 
3861,TIME,5 Nisan
3861,TIME,3098
3861,TIME,5 Nisan 1994
3861,TIME,1994
3862,PERSON,Karadeniz Bakır
3864,LOCATION,Ağustos
3864,TIME,Ağustos
3864,TIME,Ocak
3867,PERSON,Ersan ATAR
3867,LOCATION,ATAR
3867,LOCATION,ANKARA
3868,ORGANIZATION,YARGITAY
3869,PERSON,Devlet
3870,ORGANIZATION,Yargıtay
3870,TIME,3095
3871,LOCATION,Ticaret
3872,PERSON,Yasa
3873,LOCATION,Merkez
3873,ORGANIZATION,Merkez Bankası
3874,LOCATION,Ancak
3877,TIME,5 Nisanlar
3877,TIME,Nisan
3878,TIME,5 Nisan
3878,TIME,Nisan
3879,TIME,Nisan
3879,TIME,Nisan 1994 
3879,TIME,5 Nisan
3879,TIME,3098
3879,TIME,5 Nisan 1994
3879,TIME,1994
3880,TIME,2000
3881,TIME,1998
3881,TIME,29.8
3882,PERSON,Asya
3882,PERSON,Dünya
3882,LOCATION,Hindistan
3882,LOCATION,Çin
3882,TIME,60.5
3882,TIME,88.9
3883,TIME,0.5
3883,TIME,29.5
3884,LOCATION,Hindistan
3884,LOCATION,ABD
3884,LOCATION,Çin
3884,TIME,75.8
3884,TIME,73.8
3884,TIME,55.1
3885,LOCATION,Hindistan
3885,LOCATION,ABD
3885,LOCATION,Çin
3885,TIME,16.46
3885,TIME,4.62
3885,TIME,21.16
3886,LOCATION,Pakistan
3886,LOCATION,Rusya
3886,TIME,47.8
3886,TIME,47.2
3887,LOCATION,Türkiye
3888,LOCATION,Mısır
3888,LOCATION,Irak
3888,LOCATION,Türkiye
3888,LOCATION,Azerbaycan
3888,LOCATION,Gürcistan
3888,LOCATION,Yunanistan
3888,TIME,7.7
3888,TIME,15.3
3888,TIME,10.6
3888,TIME,63.8
3888,TIME,8.4
3888,TIME,73.1
3888,TIME,3.6
3888,TIME,5.4
3888,TIME,21.8
3890,LOCATION,Türkiye
3890,TIME,9.3
3890,TIME,40.3
3890,TIME,1975
3891,LOCATION,Türkiye
3891,TIME,23.5
3891,TIME,1998
3891,TIME,1975
3893,PERSON,Sanat Yönetmeni
3893,PERSON,Erkal Yavi
3893,PERSON,Ferit Edgü
3894,PERSON,Sanat
3895,PERSON,Dünya Kupası
3895,LOCATION,Fransa
3895,TIME,Yaz
3896,TIME,yaz
3897,LOCATION,Homeros
3897,TIME,yaz
3898,LOCATION,Gül
3898,TIME,yaz
3899,PERSON,Vehbi
3899,PERSON,Humayun
3900,PERSON,Ferit Edgü
3901,PERSON,Abidin Dino
3901,PERSON,Dünya Kupası
3901,TIME,1966
3901,TIME,yaz
3902,TIME,yaz
3903,LOCATION,Türkiye
3903,LOCATION,Eskişehir
3903,LOCATION,King
3903,TIME,12 Ekim
3903,TIME,Ekim
3904,TIME,1986
3905,LOCATION,Hamilton
3907,LOCATION,Eylül
3907,LOCATION,Montreal
3907,TIME,21.00
3907,TIME,15 Eylül
3907,TIME,Eylül
3908,LOCATION,Eylül
3908,LOCATION,Kadıköy Belediyesi 
3908,TIME,Eylül
3908,TIME,23 Eylül
3909,PERSON,Tülin Tanman
3909,PERSON,Sanat Galerisi
3910,PERSON,Sanat Galerisi
3910,TIME,2 Ekim
3910,TIME,Ekim
3913,LOCATION,Eylül
3913,LOCATION,Bodrum Kalesi
3913,TIME,4 Ekim
3913,TIME,Eylül
3913,TIME,15 Eylül
3913,TIME,Ekim
3914,LOCATION,Greenfield
3915,TIME,8516
3915,TIME,19.15
3916,LOCATION,Türkiye
3916,LOCATION,Taşkent
3917,ORGANIZATION,Y Vakfı
3917,TIME,19.30
3919,LOCATION,Eylül
3919,TIME,Eylül
3920,PERSON,Sanat Merkezi
3920,PERSON,Fügen Can
3920,PERSON,Meliha Denktaş
3920,LOCATION,Eylül
3920,LOCATION,Uran
3920,TIME,26 Eylül
3920,TIME,Eylül
3922,PERSON,Yılmaz Güney
3922,TIME,19.00
3924,PERSON,Emeç Sanat Galerisi
3924,LOCATION,Eylül
3924,TIME,24 Eylül
3924,TIME,Eylül
3925,TIME,19.30
3926,PERSON,Sanat Merkezi
3926,PERSON,Kerem Görsev
3926,LOCATION,Evans
3926,TIME,18.30
3927,PERSON,Evin Sanat Galerisi
3927,PERSON,Ahmet Umur Deniz
3928,LOCATION,Cumhuriyet
3928,ORGANIZATION,Tarih Vakfı
3929,PERSON,Nuşin Meltem Kaya
3929,LOCATION,Kaya
3930,LOCATION,Güzel
3930,LOCATION,Balıkesir
3930,TIME,Güz
3931,TIME,18.00
3933,LOCATION,Cumhuriyet
3933,TIME,17.00
3936,TIME,18.00
3936,TIME,14.00
3937,PERSON,Akgün Akova
3937,PERSON,Sunay Akın
3937,LOCATION,Ankara
3937,TIME,19.00
3938,LOCATION,PAZAR
3939,LOCATION,Cumhuriyet
3939,ORGANIZATION,Tarih Vakfı
3939,TIME,20.30
3940,LOCATION,Caceres
3941,PERSON,Sanat
3941,LOCATION,Eylül
3941,TIME,12 Eylül
3941,TIME,Eylül
3941,TIME,16.00
3942,LOCATION,Montreal
3943,LOCATION,Montreal
3944,LOCATION,Montreal
3944,TIME,0.00
3944,TIME,1.75
3944,TIME,1800
3945,TIME,1970
3946,LOCATION,Yeni
3948,PERSON,Eva Von Gencsy
3948,LOCATION,New York
3948,LOCATION,York
3948,LOCATION,Montreal
3948,TIME,1972
3949,TIME,1000
3950,LOCATION,Montreal
3952,LOCATION,Montreal
3953,LOCATION,Manteca
3955,LOCATION,Parsons
3955,LOCATION,David
3957,TIME,1995
3958,TIME,1972
3959,LOCATION,Montreal
3960,PERSON,Tamer HEPER
3963,TIME,7.30
3965,TIME,pazar
3977,PERSON,Kanun
3978,LOCATION,BEYAZ Saray
3978,LOCATION,Clinton
3982,TIME,şubat
3983,LOCATION,Oval
3983,LOCATION,Clinton
3984,PERSON,Coşkun
3984,PERSON,Monika
3984,LOCATION,Clinton
3985,PERSON,Monika
3987,LOCATION,Gore
3988,TIME,30 Mart
3988,TIME,Mart
3989,PERSON,Monika Levinski
3989,LOCATION,Clinton
3990,PERSON,Monika
3990,LOCATION,Clinton
3990,TIME,kış
3991,LOCATION,Gore
3992,TIME,Nisan
3992,TIME,4 Nisan
3993,LOCATION,Oval
3993,LOCATION,Bağdat
3993,LOCATION,Clinton
3994,PERSON,Monika
3995,TIME,13 Nisan
3995,TIME,Nisan
3996,PERSON,Monika
3996,LOCATION,Clinton
3997,PERSON,Monika
3998,PERSON,Monika
3998,LOCATION,Clinton
3999,PERSON,Monika
3999,LOCATION,Clinton
4000,PERSON,Sağlık
4001,LOCATION,Gore
4002,TIME,Nisan
4002,TIME,15 Nisan
4003,PERSON,Monika
4003,LOCATION,Clinton
4005,TIME,Mayıs
4005,TIME,26 Mayıs
4006,LOCATION,Arafat
4006,LOCATION,Beyaz Saray
4006,LOCATION,Clinton
4006,TIME,yaz
4007,LOCATION,Oval
4009,TIME,Haziran
4009,TIME,5 Haziran
4010,LOCATION,Clinton
4011,LOCATION,Oval
4011,LOCATION,Beyaz Saray
4011,TIME,yaz
4013,TIME,Haziran
4013,TIME,18 Haziran
4014,PERSON,Monika
4014,LOCATION,Clinton
4015,LOCATION,Bağdat
4016,LOCATION,Bağdat
4017,TIME,19 Haziran
4017,TIME,Haziran
4018,PERSON,Monika
4018,LOCATION,Clinton
4019,LOCATION,Bağdat
4020,LOCATION,Bağdat
4021,LOCATION,Clinton
4022,TIME,14 Temmuz
4022,TIME,Temmuz
4023,LOCATION,Clinton
4024,LOCATION,Clinton
4025,PERSON,Monika
4026,PERSON,Monika
4029,LOCATION,Türkiye
4030,LOCATION,Japonya
4033,LOCATION,Clinton
4036,PERSON,Memduh Bayraktaroğlu
4036,TIME,kış
4036,TIME,yaz
4037,PERSON,Yavuz Ataç
4040,PERSON,Birgen Air
4042,PERSON,Artık
4045,PERSON,Cudi Dağı
4045,LOCATION,Cudi Dağı
4046,LOCATION,Medya
4046,LOCATION,Polis
4047,ORGANIZATION,Çocuk Esirgeme Kurumu
4048,LOCATION,Gri
4049,PERSON,Orhan TOKATLI
4049,TIME,2000
4051,PERSON,Devlet
4056,TIME,kış
4058,LOCATION,Hilmi Caddesi
4060,LOCATION,Ankara
4060,TIME,güz
4062,LOCATION,Eski Belediyeci 
4064,LOCATION,Ankara
4066,PERSON,Devrim Tarihi
4066,TIME,yaz
4070,PERSON,Necdet
4071,PERSON,Mithat Paşa
4072,PERSON,Mithat Paşa
4073,PERSON,Mithat Paşa
4075,LOCATION,Menderes
4075,TIME,1960
4080,LOCATION,Yeni
4084,PERSON,Necdet
4084,LOCATION,Fikir
4088,LOCATION,Fransa
4091,LOCATION,Cumhuriyet
4096,PERSON,Ak
4100,LOCATION,Türkiye
4100,TIME,21. Yüzyıl
4107,LOCATION,Türkiye
4108,TIME,3.6
4117,LOCATION,Temel
4120,LOCATION,Türkiye
4122,PERSON,Yılmaz
4125,PERSON,Yasa
4129,LOCATION,Türkiye
4131,PERSON,Dünya Bankası
4131,ORGANIZATION,Dünya Bankası
4136,PERSON,Atilla
4138,PERSON,Ulusal Sosyal Güvenlik Sistemi Modeli
4139,TIME,Mayıs 1998 
4139,TIME,Mayıs
4139,TIME,1998
4143,LOCATION,Yeni
4145,PERSON,Mevcut
4149,PERSON,Ulusal Sosyal Güvenlik Sigorta Kurumu
4149,ORGANIZATION,Ulusal Sosyal Güvenlik Sigorta Kurumu
4150,PERSON,Ulusal Sağlık Sistemi Modeli
4152,PERSON,Dünya Bankası
4152,ORGANIZATION,Dünya Bankası
4153,PERSON,Ulusal Sosyal Güvenlik Sigorta Kurumu
4153,ORGANIZATION,Ulusal Sosyal Güvenlik Sigorta Kurumu
4154,PERSON,Devlet
4155,LOCATION,ILO
4156,LOCATION,Türkiye
4156,LOCATION,ILO
4157,LOCATION,Türkiye
4158,PERSON,Enis Tütüncü
4158,LOCATION,Tekirdağ
4158,LOCATION,Yeni
4160,PERSON,Hazine
4161,LOCATION,Ekonomi
4161,LOCATION,Eylül
4161,LOCATION,Türkiye
4161,LOCATION,Ankara
4161,TIME,12 Eylül
4161,TIME,Eylül
4162,ORGANIZATION,Hazine Müsteşarlığı
4164,PERSON,Melih Araz
4165,PERSON,Araz
4166,LOCATION,Oğuz
4167,LOCATION,Anayasa
4168,PERSON,Çağan
4169,PERSON,Çağan
4170,PERSON,Hazine Müsteşarlığı
4170,ORGANIZATION,Hazine Müsteşarlığı
4171,ORGANIZATION,Maliye Bakanlığı
4173,PERSON,Anadolu
4173,PERSON,Tören
4173,TIME,1999
4174,LOCATION,Beykoz Belediye 
4175,PERSON,Tören
4176,PERSON,Tören
4177,PERSON,Tören
4178,PERSON,Tören
4181,LOCATION,Ekonomi
4182,PERSON,Çağan
4183,PERSON,Nazım
4183,PERSON,Ragıp
4184,PERSON,Ragıp Duran
4184,TIME,yaz
4185,TIME,4.5
4186,PERSON,Ragıp
4187,PERSON,Nazım Hikmet
4187,TIME,güz
4188,TIME,güz
4189,TIME,güz
4192,LOCATION,Selçuk
4193,ORGANIZATION,Yargıtay
4195,PERSON,Yekta Güngör
4196,PERSON,Sami Selçuk
4196,LOCATION,Selçuk
4197,LOCATION,Selçuk
4198,LOCATION,Selçuk
4199,LOCATION,Türkiye
4199,LOCATION,Yeni
4200,LOCATION,Selçuk
4202,PERSON,Atatürk
4202,TIME,yaz
4203,PERSON,Sami Selçuk
4203,LOCATION,Selçuk
4205,LOCATION,Adalet
4206,PERSON,Sami Selçuk
4206,LOCATION,Selçuk
4208,LOCATION,Anayasa
4208,LOCATION,Selçuk
4210,LOCATION,Selçuk
4212,LOCATION,Selçuk
4213,LOCATION,HOUSTON
4214,TIME,yaz
4215,TIME,yaz
4216,PERSON,Derya
4216,LOCATION,Ekonomi
4217,PERSON,Bilgi
4224,PERSON,Güneş
4228,PERSON,Dünya Enerji Zirvesi
4229,PERSON,Dünya Enerji Konseyi
4232,TIME,eylül
4237,PERSON,Dünya
4239,TIME,güz
4240,LOCATION,Türkiye
4244,LOCATION,Türkiye
4244,LOCATION,Yarın
4245,LOCATION,RUSYA
4246,LOCATION,Duma
4247,LOCATION,Merkez
4247,LOCATION,Rusya
4247,ORGANIZATION,Merkez Bankası
4247,TIME,ekim
4249,LOCATION,Rusya
4250,LOCATION,Merkez
4250,LOCATION,Rusya
4250,ORGANIZATION,Merkez Bankası
4250,TIME,1992
4250,TIME,1993
4251,TIME,1994
4252,LOCATION,Rusya
4253,LOCATION,Washington
4253,LOCATION,Duma
4253,LOCATION,David
4253,TIME,12.09
4253,TIME,1998
4254,LOCATION,Duma
4254,LOCATION,Rusya
4257,LOCATION,Rusya
4258,LOCATION,ABD
4259,PERSON,Batı
4259,LOCATION,Ancak
4259,LOCATION,Rusya
4262,LOCATION,Duma
4263,LOCATION,Marshall
4263,LOCATION,Rusya
4264,LOCATION,Moskova
4264,TIME,yaz
4265,LOCATION,Kaliningrad
4265,LOCATION,Moskova
4265,LOCATION,Samara
4266,LOCATION,Washington
4266,LOCATION,Rusya
4266,TIME,09.09
4266,TIME,1998
4267,LOCATION,Washington
4267,LOCATION,ABD
4267,LOCATION,Rusya
4267,TIME,22.00
4268,LOCATION,Washington
4268,LOCATION,ABD
4268,LOCATION,Rusya
4269,LOCATION,ABD
4269,LOCATION,Rusya
4270,LOCATION,Ancak
4270,LOCATION,ABD
4272,LOCATION,Rusya
4273,LOCATION,Duma
4273,LOCATION,Ancak
4274,LOCATION,Duma
4274,TIME,aralık
4275,LOCATION,Marshall
4275,LOCATION,Rusya
4277,LOCATION,Washington
4277,LOCATION,Rusya
4278,PERSON,Dünya Bankası
4278,ORGANIZATION,Dünya Bankası
4279,LOCATION,Rusya
4280,LOCATION,FRANKFURT
4282,PERSON,Zaman
4283,PERSON,İhsan Sabri Çağlayangil
4285,LOCATION,Kıbrıs
4286,LOCATION,Almanya
4289,PERSON,Özel Kalem Müdürü
4289,LOCATION,Almanya
4289,LOCATION,Özel Kalem 
4290,PERSON,Zaman
4291,LOCATION,DÜSSELDORF
4293,LOCATION,Essen
4295,PERSON,Recai Aksu
4295,LOCATION,Gelsenkirchen
4295,LOCATION,Aksu
4295,LOCATION,Almanya
4296,PERSON,Recai
4297,LOCATION,Hayır
4299,PERSON,Hami
4300,LOCATION,Gelsenkirchen
4305,PERSON,Faruk Şen
4306,PERSON,Oy
4307,PERSON,Çağlayangil
4307,PERSON,Şen
4309,TIME,2002
4318,LOCATION,Almanya
4321,LOCATION,Yeni
4324,PERSON,Mustafa Taşar
4326,PERSON,Fazilet
4327,PERSON,Faruk Şen
4331,PERSON,Hami
4334,PERSON,Sonuç
4334,PERSON,Hami
4335,LOCATION,Türkiye
4348,LOCATION,Köy
4352,LOCATION,Türkiye
4357,LOCATION,Köy
4357,ORGANIZATION,Köy Enstitüleri
4357,TIME,1940
4359,LOCATION,Türkiye
4362,LOCATION,Türkiye
4362,TIME,Nisan
4365,TIME,yaz
4366,PERSON,Şener Şen
4369,TIME,yaz
4373,PERSON,Batı
4373,PERSON,Yeter
4374,PERSON,Tüzüner
4375,LOCATION,Medya
4376,PERSON,Özveri
4377,PERSON,Arsal Tüzüner
4380,PERSON,Devlet
4386,TIME,kasım
4392,LOCATION,Washington
4395,LOCATION,ABD
4399,LOCATION,Anayasa
4400,LOCATION,Anayasa
4402,LOCATION,Türkiye
4403,LOCATION,Clinton
4404,LOCATION,ABD
4404,LOCATION,Clinton
4406,LOCATION,ABD
4406,LOCATION,Ancak
4406,LOCATION,Clinton
4407,LOCATION,Clinton
4410,LOCATION,ABD
4410,LOCATION,Clinton
4411,LOCATION,Ancak
4412,LOCATION,ABD
4412,LOCATION,Adalet
4412,ORGANIZATION,Adalet Bakanlığı
4413,LOCATION,Boston
4413,LOCATION,ABD
4414,LOCATION,Kıbrıs
4414,LOCATION,Kosova
4415,TIME,Yaz
4416,LOCATION,ABD
4417,LOCATION,Aynı
4418,LOCATION,Türkiye
4419,LOCATION,Clinton
4420,TIME,yaz
4422,LOCATION,ABD
4427,LOCATION,Clinton
4427,TIME,kış
4428,PERSON,Özel
4428,LOCATION,Clinton
4429,TIME,kış
4430,PERSON,İnsaf
4432,LOCATION,Nagazaki
4433,LOCATION,Nagazaki
4434,PERSON,General
4434,LOCATION,Marshall
4436,LOCATION,Japonya
4436,LOCATION,Beyaz Saray
4436,TIME,yaz
4438,LOCATION,Küba
4438,LOCATION,ABD
4439,LOCATION,Şili
4440,LOCATION,Körfez
4442,LOCATION,ABD
4443,LOCATION,New York
4443,LOCATION,Columbia
4443,LOCATION,York
4443,LOCATION,Bar
4443,ORGANIZATION,Columbia Üniversitesi
4444,PERSON,Doğu
4444,PERSON,Batı
4445,PERSON,Doğu
4447,TIME,yaz
4448,TIME,güz
4448,TIME,yaz
4451,PERSON,Fazilet Partisi
4451,PERSON,Tansu Çiller
4452,PERSON,Naki ÖZKAN
4457,PERSON,Gazi Üniversitesi İktisadi İdari Bilimler Fakültesi
4457,ORGANIZATION,Gazi Üniversitesi
4459,PERSON,Naki Özkan
4460,TIME,yaz
4462,PERSON,Devlet
4467,PERSON,Devlet
4478,PERSON,Devlet
4483,PERSON,Haldun
4484,PERSON,Fazilet Partisi
4501,PERSON,Adil Düzen
4505,LOCATION,Merkez
4513,PERSON,İslam
4516,PERSON,Tek
4523,TIME,yaz
4528,PERSON,İslam
4528,LOCATION,Türkiye
4530,PERSON,İslam
4531,PERSON,İslam
4533,PERSON,Devlet
4539,PERSON,Devlet
4551,LOCATION,Kuran
4578,PERSON,İslam
4579,PERSON,Kutsal
4582,PERSON,Süleyman Çelebi
4582,TIME,14. yüzyılda
4582,TIME,yaz
4585,LOCATION,İstanbul
4586,LOCATION,Arap
4586,TIME,yaz
4606,LOCATION,TEM Otoyolu
4607,PERSON,Mehmet Özdemir
4607,TIME,02.00
4609,PERSON,Uludağ Turizm
4610,PERSON,Mualla Özdemir
4610,PERSON,Mehmet Özdemir
4613,PERSON,Yıldırım Mahallesi Yengeç Sokak
4613,LOCATION,Yengeç Sokak
4613,LOCATION,Yıldırım Mahallesi 
4613,TIME,21.00
4614,PERSON,Keser
4614,PERSON,Ayşe
4614,PERSON,Çiğdem
4615,PERSON,Ayşe
4615,PERSON,Çiğdem
4616,PERSON,Yılmaz Keser
4616,PERSON,Çiğdem Keser
4619,LOCATION,TEM Otoyolu
4619,TIME,03.00
4621,PERSON,Sinan Samat
4621,LOCATION,Mahmutbey Köprüsü
4621,TIME,03.00
4623,PERSON,Emine Samat
4624,PERSON,Sinan Samat
4625,PERSON,Armağan
4625,PERSON,Ümran
4627,PERSON,Selim GENÇ
4627,LOCATION,GENÇ
4628,PERSON,Güngör Bayrak
4629,PERSON,Erkan Özerman
4630,PERSON,Bayrak
4630,LOCATION,Duruma
4631,PERSON,Bayrak
4632,LOCATION,Orman
4634,TIME,aralık
4636,PERSON,Arife AVCU
4636,LOCATION,İSTANBUL
4641,PERSON,Dr
4641,LOCATION,Türkiye
4641,LOCATION,Merkez
4645,PERSON,Serkan DUYGU
4646,PERSON,Sibel Can
4647,PERSON,Hakan Ural
4647,LOCATION,Ancak
4648,PERSON,Samim Değer
4648,PERSON,Hakan Ural
4648,LOCATION,Değer
4649,PERSON,Tansu Çiller
4649,PERSON,Refah Partisi
4649,LOCATION,Kütahya
4650,LOCATION,Kuran
4651,LOCATION,Kuran
4654,PERSON,Aslı YILMAZ
4654,LOCATION,TRABZON
4655,PERSON,Afet İşleri
4655,LOCATION,TRABZON
4656,PERSON,Hüseyin Tirgil
4656,TIME,1990
4657,PERSON,Afet
4658,PERSON,Mesut Yılmaz
4658,PERSON,Deniz Baykal
4658,PERSON,Hüsamettin Cindoruk
4659,PERSON,Cindoruk
4660,PERSON,Cindoruk
4660,PERSON,Ülke
4661,PERSON,Seçim
4661,PERSON,Cindoruk
4662,LOCATION,İstanbul
4662,LOCATION,Büyükşehir Belediye 
4663,LOCATION,İstanbul
4664,PERSON,Cindoruk
4665,PERSON,Selim DÜZEL
4665,LOCATION,AYVALIK
4666,LOCATION,Sahil
4667,PERSON,Olay
4667,TIME,01.00
4668,LOCATION,Sahil
4669,LOCATION,Sahil
4671,PERSON,Halil İbrahim Özsoy
4671,PERSON,Dünya Sağlık Örgütü
4671,LOCATION,Danimarka
4671,LOCATION,Kopenhag
4672,TIME,2000
4672,TIME,2001
4672,TIME,21. Yüzyıl
4673,PERSON,İhsan Doğramac
4673,PERSON,Sağlık Bakanı
4673,LOCATION,Türkiye
4673,TIME,1979
4673,TIME,1948
4673,TIME,1964
4674,LOCATION,Konya
4674,ORGANIZATION,Konya Devlet Hastanesi
4674,TIME,ekim
4675,PERSON,Özsoy
4675,TIME,ekim
4676,PERSON,Can HACIOĞLU
4676,LOCATION,SÖĞÜT
4677,PERSON,Süleyman Demirel
4678,PERSON,Yörük Bayramı
4678,LOCATION,Bilecik
4678,LOCATION,Söğüt
4679,PERSON,ı Devlet Bahçeli
4680,PERSON,Demirel
4681,PERSON,Süleyman Demirel
4681,LOCATION,Birlik
4682,PERSON,Güner
4682,PERSON,Yardımcısı
4682,PERSON,Agah Oktay Güner
4683,PERSON,Güner
4683,PERSON,Kaddafi
4683,LOCATION,İran
4683,LOCATION,Irak
4684,PERSON,Devlet Bahçeli
4685,PERSON,Muhammed Aydoğduyev
4685,PERSON,Başdanışmanı
4685,PERSON,Türkmen Kalpağı
4685,LOCATION,Türkmenistan
4686,PERSON,Demirel
4687,PERSON,Süleyman Demirel
4688,PERSON,Ömer Musaoğlu
4688,LOCATION,Ankara
4689,PERSON,Yardımcısı
4689,TIME,Nisan
4689,TIME,18 Nisan 1999
4689,TIME,1999
4689,TIME,18 Nisan
4689,TIME,Nisan 1999 
4690,PERSON,Atatürk Havalimanı Şeref Salonu
4691,PERSON,Okuyan
4691,PERSON,İslam
4692,PERSON,Yardımcısı
4693,PERSON,Rahşan Ecevit
4693,TIME,18 Nisan
4693,TIME,Nisan
4693,TIME,yaz
4695,PERSON,Yardımcısı
4695,TIME,Nisan
4695,TIME,18 Nisan 1999
4695,TIME,1999
4695,TIME,18 Nisan
4695,TIME,Nisan 1999 
4696,PERSON,Baykal
4696,ORGANIZATION,TBMM
4697,PERSON,Mesut Yılmaz
4698,PERSON,Necdet Calp
4698,LOCATION,Eylül
4698,TIME,12 Eylül
4698,TIME,Eylül
4700,LOCATION,Ankara
4700,ORGANIZATION,Ankara Üniversitesi
4700,TIME,1922
4702,PERSON,Özel Kalem Müdürlüğü
4702,LOCATION,Türkiye
4702,LOCATION,Eylül
4702,LOCATION,Özel Kalem 
4702,TIME,12 Eylül
4702,TIME,Eylül 1980 
4702,TIME,Eylül
4702,TIME,12 Eylül 1980
4702,TIME,1980
4703,LOCATION,Eylül
4703,TIME,12 Eylül
4703,TIME,Eylül
4704,TIME,20 Mayıs 1983
4704,TIME,Mayıs
4704,TIME,1983
4704,TIME,20 Mayıs
4704,TIME,Mayıs 1983 
4705,PERSON,Necdet Calp
4705,LOCATION,Ankara
4705,TIME,6 Kasım 1983
4705,TIME,6 Kasım
4705,TIME,1983
4705,TIME,Kasım 1983 
4705,TIME,Kasım
4706,LOCATION,Aydın
4706,TIME,29 Haziran
4706,TIME,29 Haziran 1985
4706,TIME,1985
4706,TIME,Haziran 1985 
4706,TIME,Haziran
4707,TIME,2 Kasım 1985
4707,TIME,2 Kasım
4707,TIME,1985
4707,TIME,Kasım 1985 
4707,TIME,Kasım
4708,TIME,3 Kasım
4708,TIME,3 Kasım 1985
4708,TIME,1985
4708,TIME,Kasım 1985 
4708,TIME,Kasım
4709,PERSON,Necdet Calp
4709,LOCATION,Ankara
4709,TIME,Kasım 1987 
4709,TIME,29 Kasım
4709,TIME,1987
4709,TIME,29 Kasım 1987
4709,TIME,Kasım
4710,PERSON,Necdet Calp
4711,ORGANIZATION,Futbol Federasyonu
4712,PERSON,Gönen Beşiktaşlılar Derneği
4712,TIME,yaz
4714,PERSON,Atatürk Stadı
4714,PERSON,Haluk Ulusoy
4714,ORGANIZATION,Futbol Federasyonu
4715,PERSON,Gönen Beşiktaşlılar Derneği
4716,TIME,kış
4716,TIME,yaz
4720,PERSON,Ertuğrul
4721,PERSON,Ertuğrul
4723,LOCATION,İzmir
4723,TIME,yaz
4724,LOCATION,İrlanda
4724,LOCATION,İzmir
4724,ORGANIZATION,Milli Takımımızın
4725,PERSON,Gürcan BİLGİÇ
4728,LOCATION,Ancak
4729,LOCATION,Yeşil
4731,PERSON,Tebrik
4735,LOCATION,Ancak
4739,PERSON,Sefer
4741,PERSON,Sefer
4742,PERSON,Ali Uluyol
4744,PERSON,Engin
4744,PERSON,Alpay
4745,PERSON,Engin
4745,LOCATION,Aynı
4747,TIME,Kasım
4748,PERSON,Konuk
4749,TIME,Kasım
4750,PERSON,Önder İpek
4751,PERSON,Aykut
4752,PERSON,Zafer Önder İpek
4753,PERSON,Yusuf
4753,PERSON,Erol
4753,PERSON,Besim
4753,PERSON,Vahit
4753,PERSON,Salih
4753,PERSON,Ahmet
4753,PERSON,Mustafa
4753,PERSON,İslam
4753,PERSON,Gürkan
4753,PERSON,Murat
4753,PERSON,Hakikat
4753,PERSON,Şükrü
4754,PERSON,Ayhan
4754,PERSON,Aykut
4754,PERSON,Ali
4754,PERSON,Tarık
4754,PERSON,Nail
4754,PERSON,Serhat
4754,PERSON,Şevket
4754,PERSON,Ceyhun
4754,PERSON,Uğur
4754,PERSON,Metin
4754,PERSON,Erkan
4754,PERSON,Ramazan
4754,PERSON,Remzi
4754,LOCATION,Hasan
4755,PERSON,Aykut
4756,TIME,çarşamba
4757,PERSON,Fatih Terim
4757,LOCATION,Erzurum
4758,PERSON,Terim
4760,PERSON,Fatih Terim
4761,PERSON,Fatih Terim
4764,PERSON,Bilal MEŞE
4772,LOCATION,Serdar
4773,PERSON,Tayfur
4773,PERSON,Mutlu
4775,PERSON,Ayhan
4784,PERSON,Oktay
4784,PERSON,Ertuğrul
4784,PERSON,Nihat
4788,PERSON,Yazık
4788,TIME,Yaz
4788,TIME,yaz
4789,LOCATION,İzmir
4790,LOCATION,Kartal
4794,LOCATION,Kartal
4799,PERSON,Ertuğrul
4799,PERSON,Nihat
4800,PERSON,Oktay
4801,LOCATION,Kartal
4801,TIME,ekim
4802,PERSON,Artık
4804,PERSON,Oktay
4805,PERSON,Nihat
4805,LOCATION,Bursa
4808,PERSON,Feyyaz Uçar
4808,TIME,yaz
4809,LOCATION,İstanbul
4810,PERSON,İnönü
4810,PERSON,Zemin
4813,LOCATION,İstanbul
4820,PERSON,Ertuğrul
4821,PERSON,Tayfur
4821,LOCATION,Orta
4822,PERSON,Ali Eren
4822,LOCATION,Türkiye
4823,PERSON,Rahim
4827,LOCATION,Bursa
4830,PERSON,Doğru
4837,LOCATION,Aydın
4839,LOCATION,Ancak
4840,PERSON,Ayhan
4842,PERSON,Okan
4845,PERSON,Alpay
4848,PERSON,Engin
4848,PERSON,Mert
4849,PERSON,Aygün
4849,LOCATION,Sakarya
4850,LOCATION,Ancak
4852,PERSON,Kamil Dertop
4852,PERSON,Ali Uluyol
4852,PERSON,Necdet Sevim
4853,PERSON,Murat Yavaşgül
4853,LOCATION,Hasan
4854,PERSON,Murat Kefez
4855,PERSON,Engin
4855,PERSON,Erhan
4855,PERSON,Orhan
4855,PERSON,Soner
4855,PERSON,Ahmet
4855,PERSON,Osman
4855,PERSON,Tarık
4855,PERSON,Evren
4855,PERSON,Cihan
4855,PERSON,Mert
4855,PERSON,Medhat
4855,PERSON,Nuri
4856,PERSON,Metin
4856,PERSON,Bülent
4856,PERSON,Cem
4857,LOCATION,Kocaeli
4857,LOCATION,SARI
4860,LOCATION,BEŞİKTAŞ
4866,PERSON,Mutlu
4866,LOCATION,Aydın
4870,PERSON,Ertuğrul
4870,PERSON,Tayfur
4870,PERSON,Rahim
4870,LOCATION,Aydın
4874,PERSON,Fevzi
4874,PERSON,Rahim
4875,PERSON,Fevzi
4897,PERSON,Bekir
4897,PERSON,Nedim
4897,LOCATION,Hatay
4897,TIME,yaz
4898,PERSON,Bekir
4899,PERSON,Gökhan
4899,PERSON,Kenan
4900,PERSON,Kenan
4900,PERSON,Bülent
4900,PERSON,Nedim
4901,PERSON,Hakan Özkan
4901,PERSON,Olkan Aymankul
4901,PERSON,Bülent Türkekul
4902,PERSON,Hakan
4902,PERSON,Bülent
4902,PERSON,Soner
4902,PERSON,Nedim
4902,PERSON,Ali
4902,PERSON,Ahmet
4902,PERSON,Hayrettin
4902,PERSON,Levent
4902,PERSON,Mustafa
4902,PERSON,Kenan
4902,PERSON,Enis
4902,PERSON,Murat
4902,PERSON,Gökhan
4902,LOCATION,ZEYTİNBURNU
4903,PERSON,Erdinç
4903,PERSON,Hakan
4903,PERSON,Kemal
4903,PERSON,Bülent
4903,PERSON,İlhan
4903,PERSON,Halil
4903,PERSON,Ahmet
4903,PERSON,Baykan
4903,PERSON,Kenan
4903,PERSON,Bayram
4903,PERSON,Bekir
4903,PERSON,Talip
4903,PERSON,Gökmen
4904,PERSON,Kenan
4904,PERSON,Gökhan
4904,PERSON,Bekir
4904,PERSON,Nedim
4905,LOCATION,ALMANYA
4905,LOCATION,Almanya
4906,LOCATION,Türkiye
4906,LOCATION,Almanya
4907,LOCATION,Almanya
4907,TIME,87.4
4908,LOCATION,Eylül
4908,TIME,27 Eylül
4908,TIME,Eylül
4909,PERSON,Cem
4909,LOCATION,Tahran
4909,LOCATION,Yunanistan
4909,LOCATION,İran
4910,PERSON,Muhammed Hatemi
4910,PERSON,İsmail Cem
4910,LOCATION,İran
4911,PERSON,Demirel
4911,PERSON,Cem
4911,LOCATION,İran
4911,LOCATION,Cumhuriyet
4911,LOCATION,Ankara
4912,LOCATION,Baba
4913,LOCATION,Tahran
4914,PERSON,Kemal Harrazi
4914,LOCATION,Türkiye
4914,LOCATION,Tahran
4914,LOCATION,İran
4916,PERSON,Ali Ekber Natık
4916,LOCATION,İran
4917,LOCATION,İran
4917,LOCATION,Afganistan
4918,PERSON,İsmail Cem
4919,PERSON,Natık Nuri
4920,PERSON,Natık Nuri
4920,PERSON,Sayın
4920,PERSON,Süleyman Demirel
4921,PERSON,Kemal Harrazi
4921,PERSON,İsmail Cem
4921,LOCATION,Türkiye
4921,LOCATION,Yunanistan
4921,LOCATION,İran
4921,LOCATION,Tahran
4922,PERSON,Cem
4922,LOCATION,Yunanistan
4923,LOCATION,Türkiye
4924,LOCATION,Türkiye
4924,LOCATION,Yunanistan
4925,PERSON,İsmail Cem
4925,LOCATION,Türkiye
4925,LOCATION,Kıbrıs
4925,LOCATION,Yunanistan
4926,PERSON,Kemal Harrazi
4926,LOCATION,Türkiye
4926,LOCATION,İran
4927,LOCATION,AZERBAYCAN
4927,LOCATION,Bakü
4927,ORGANIZATION,Demokratik Kuruluşlar
4927,TIME,11 Ekim
4927,TIME,Ekim
4928,LOCATION,Bakü
4929,LOCATION,Azerbaycan
4930,PERSON,Haydar Aliyev
4933,TIME,18 Nisan
4933,TIME,Nisan
4934,PERSON,Mesut Yılmaz
4934,PERSON,Deniz Baykal
4934,TIME,bahar
4934,TIME,ilkbahar
4937,LOCATION,Türkiye
4938,PERSON,Dünya
4938,LOCATION,Türkiye
4938,TIME,bahar
4938,TIME,İlkbahar
4939,TIME,28 Şubat
4939,TIME,Şubat
4943,PERSON,Deniz Baykal
4944,TIME,bahar
4944,TIME,ilkbahar
4945,PERSON,Yılmaz
4961,PERSON,Baykal
4966,PERSON,Mesut Yılmaz
4966,TIME,Ocak 1999 
4966,TIME,Aralık
4966,TIME,Ocak
4966,TIME,1999
4972,TIME,bahar
4972,TIME,sonbahar
4974,TIME,bahar
4974,TIME,ilkbahar
4976,LOCATION,Türkiye
4976,TIME,bahar
4976,TIME,ilkbahar
4976,TIME,Ocak
4976,TIME,sonbahar
